playerID,sportCode,team_id,team_abbrev,team_name,positionCode,firstName,lastName,dateOfBirth,height,weight,number,college,birthCountry,birthCityState,draftYear,playerID,pointsPerGame,reboundsPerGame,assistsPerGame
4278039,NBA,1,ATL,Hawks,G,Nickeil,Alexander-Walker,1998-09-02,"6' 5""",205.0,7,Virginia Tech,Canada,"Toronto, ON",2019,4278039,NULL,NULL,NULL
4065673,NBA,1,ATL,Hawks,C,Tony,Bradley,1998-01-08,"6' 10""",248.0,13,North Carolina,USA,"Bartow, FL",2017,4065673,NULL,NULL,NULL
4433188,NBA,1,ATL,Hawks,G,Devin,Carter,2002-03-18,"6' 2""",195.0,22,Providence,USA,"Miami, FL",2024,4433188,NULL,NULL,NULL
4869342,NBA,1,ATL,Hawks,G,Dyson,Daniels,2003-03-17,"6' 7""",199.0,5,NULL,Australia,"Bendigo, VIC",2022,4869342,NULL,NULL,NULL
4431941,NBA,1,ATL,Hawks,G,RayJ,Dennis,2001-03-30,"6' 2""",180.0,00,Baylor,USA,"Plainfield, IL",2024,4431941,NULL,NULL,NULL
5106262,NBA,1,ATL,Hawks,F,Zuby,Ejiofor,2004-04-20,"6' 8""",245.0,NULL,St. John's,USA,"Garland, TX",2026,5106262,NULL,NULL,NULL
5149077,NBA,1,ATL,Hawks,G,Kingston,Flemings,2007-01-03,"6' 3""",183.0,NULL,Houston,USA,"San Antonio, TX",2026,5149077,NULL,NULL,NULL
4585618,NBA,1,ATL,Hawks,G,Keshon,Gilbert,2003-06-30,"6' 4""",200.0,NULL,Iowa State,USA,"Saint Louis, MO",2025,4585618,NULL,NULL,NULL
4712863,NBA,1,ATL,Hawks,F,Mouhamed,Gueye,2002-11-09,"6' 11""",210.0,18,Washington State,Senegal,Dakar,2023,4712863,NULL,NULL,NULL
2990984,NBA,1,ATL,Hawks,G,Buddy,Hield,1992-12-17,"6' 4""",220.0,8,Oklahoma,Bahamas,"Freeport, GB",2016,2990984,NULL,NULL,NULL
4701230,NBA,1,ATL,Hawks,F,Jalen,Johnson,2001-12-18,"6' 8""",219.0,1,Duke,USA,"Milwaukee, WI",2021,4701230,NULL,NULL,NULL
4280151,NBA,1,ATL,Hawks,F,Corey,Kispert,1999-03-03,"6' 6""",224.0,24,Gonzaga,USA,"Edmonds, WA",2021,4280151,NULL,NULL,NULL
4431778,NBA,1,ATL,Hawks,C,Christian,Koloko,2000-06-20,"6' 11""",225.0,35,Arizona,Cameroon,Douala,2022,4431778,NULL,NULL,NULL
3146557,NBA,1,ATL,Hawks,C,Jock,Landale,1995-10-25,"6' 11""",255.0,31,Saint Mary's,Australia,"E Malvern, VIC",2021,3146557,NULL,NULL,NULL
2490149,NBA,1,ATL,Hawks,G,CJ,McCollum,1991-09-19,"6' 3""",190.0,3,Lehigh,USA,"Canton, OH",2013,2490149,NULL,NULL,NULL
4873201,NBA,1,ATL,Hawks,F,Asa,Newell,2005-10-05,"6' 11""",224.0,14,Georgia,USA,"Destin, FL",2025,4873201,NULL,NULL,NULL
4431680,NBA,1,ATL,Hawks,F,Onyeka,Okongwu,2000-12-11,"6' 10""",240.0,17,USC,USA,"Chino, CA",2020,4431680,NULL,NULL,NULL
5211175,NBA,1,ATL,Hawks,F,Zaccharie,Risacher,2005-04-08,"6' 8""",200.0,10,NULL,NULL,NULL,2024,5211175,NULL,NULL,NULL
5105571,NBA,1,ATL,Hawks,C,Henri,Veesaar,2004-03-28,"7' 0""",227.0,NULL,North Carolina,Estonia,Tallin,2026,5105571,NULL,NULL,NULL
3137259,NBA,1,ATL,Hawks,G,Gabe,Vincent,1996-06-14,"6' 2""",200.0,4,UC Santa Barbara,USA,"Modesto, CA",2019,3137259,NULL,NULL,NULL
4279118,NBA,1,ATL,Hawks,G,Keaton,Wallace,1999-02-26,"6' 3""",185.0,2,UTSA,USA,"Dallas, TX",2024,4279118,NULL,NULL,NULL
4397183,NBA,1,ATL,Hawks,G,Aaron,Wiggins,1999-01-02,"6' 5""",190.0,21,Maryland,USA,"Greensboro, NC",2021,4397183,NULL,NULL,NULL
4397885,NBA,2,BOS,Celtics,F,Dalano,Banton,1999-11-07,"6' 8""",203.0,45,Nebraska,Canada,"Toronto, ON",2021,4397885,NULL,NULL,NULL
5142621,NBA,2,BOS,Celtics,F,Chris,Cenac Jr.,2007-02-01,"6' 11""",240.0,NULL,Houston,USA,"New Orleans, LA",2026,5142621,NULL,NULL,NULL
3195,NBA,2,BOS,Celtics,G,Mike,Conley,1987-10-11,"6' 1""",175.0,NULL,Ohio State,USA,"Indianapolis, IN",2007,3195,NULL,NULL,NULL
4277951,NBA,2,BOS,Celtics,C,Luka,Garza,1998-12-27,"6' 10""",243.0,52,Iowa,USA,"Washington, DC",2021,4277951,NULL,NULL,NULL
4251,NBA,2,BOS,Celtics,F,Paul,George,1990-05-02,"6' 8""",220.0,8,Fresno State,USA,"Palmdale, CA",2010,4251,NULL,NULL,NULL
5175647,NBA,2,BOS,Celtics,G,Hugo,Gonzalez,2006-02-05,"6' 6""",205.0,28,NULL,NULL,NULL,2025,5175647,NULL,NULL,NULL
4397251,NBA,2,BOS,Celtics,G,Ron,Harper Jr.,2000-04-12,"6' 5""",233.0,13,Rutgers,USA,"Franklin Lakes, NJ",2022,4397251,NULL,NULL,NULL
4065804,NBA,2,BOS,Celtics,F,Sam,Hauser,1997-12-08,"6' 7""",217.0,30,Virginia,USA,"Stevens Point, WI",2021,4065804,NULL,NULL,NULL
5106283,NBA,2,BOS,Celtics,F,Dillon,Mitchell,2003-10-03,"6' 8""",210.0,NULL,St. John's,USA,"Tampa, FL",2026,5106283,NULL,NULL,NULL
4066354,NBA,2,BOS,Celtics,G,Payton,Pritchard,1998-01-28,"6' 1""",195.0,11,Oregon,USA,"West Linn, OR",2020,4066354,NULL,NULL,NULL
4397424,NBA,2,BOS,Celtics,C,Neemias,Queta,1999-07-13,"7' 0""",248.0,88,Utah State,Portugal,Barreiro,2021,4397424,NULL,NULL,NULL
4351852,NBA,2,BOS,Celtics,C,Mitchell,Robinson,1998-04-01,"7' 0""",240.0,NULL,NULL,USA,"Pensacola, FL",2018,4351852,NULL,NULL,NULL
4593841,NBA,2,BOS,Celtics,G,Baylor,Scheierman,2000-09-26,"6' 6""",205.0,55,Creighton,USA,"Aurora, NE",2024,4593841,NULL,NULL,NULL
4065648,NBA,2,BOS,Celtics,F,Jayson,Tatum,1998-03-03,"6' 8""",210.0,0,Duke,USA,"Saint Louis, MO",2017,4065648,NULL,NULL,NULL
4593043,NBA,2,BOS,Celtics,G,John,Tonje,2001-04-23,"6' 5""",225.0,8,Wisconsin,USA,"Omaha, NE",2025,4593043,NULL,NULL,NULL
4683689,NBA,2,BOS,Celtics,G,Jordan,Walsh,2004-03-03,"6' 6""",205.0,27,Arkansas,USA,"Desoto, TX",2023,4683689,NULL,NULL,NULL
3078576,NBA,2,BOS,Celtics,G,Derrick,White,1994-07-02,"6' 4""",190.0,9,Colorado,USA,"Parker, CO",2017,3078576,NULL,NULL,NULL
4702745,NBA,2,BOS,Celtics,F,Amari,Williams,2002-01-28,"7' 0""",262.0,77,Kentucky,England,Nottingham,2025,4702745,NULL,NULL,NULL
5105626,NBA,17,BKN,Nets,F,Tyler,Bilodeau,2004-04-17,"6' 8""",228.0,34,UCLA,USA,"Kennewick, WA",2026,5105626,NULL,NULL,NULL
5101761,NBA,17,BKN,Nets,G,Mikel,Brown Jr.,2006-04-03,"6' 5""",180.0,0,Louisville,USA,"Orlando, FL",2026,5101761,NULL,NULL,NULL
4712896,NBA,17,BKN,Nets,F,Noah,Clowney,2004-07-14,"6' 10""",210.0,21,Alabama,USA,"Roebuck, SC",2023,4712896,NULL,NULL,NULL
5175643,NBA,17,BKN,Nets,G,Egor,Demin,2006-03-03,"6' 8""",200.0,8,BYU,Russia,Moscow,2025,5175643,NULL,NULL,NULL
4702177,NBA,17,BKN,Nets,G,Keon,Ellis,2000-01-08,"6' 4""",175.0,NULL,Alabama,USA,"Eustis, FL",2022,4702177,NULL,NULL,NULL
4432887,NBA,17,BKN,Nets,G,Tyson,Etienne,1999-09-17,"6' 0""",200.0,10,Wichita State,USA,"Englewood, NJ",2024,4432887,NULL,NULL,NULL
4870564,NBA,17,BKN,Nets,F,Joshua,Jefferson,2003-11-21,"6' 8""",246.0,NULL,Iowa State,USA,"Las Vegas, NV",2026,4870564,NULL,NULL,NULL
5174655,NBA,17,BKN,Nets,F,Chaney,Johnson,2002-06-20,"6' 8""",225.0,31,Auburn,USA,"Alabaster, AL",2025,5174655,NULL,NULL,NULL
4432821,NBA,17,BKN,Nets,F,E.J.,Liddell,2000-12-18,"6' 6""",240.0,9,Ohio State,USA,"Belleville, IL",2023,4432821,NULL,NULL,NULL
3907823,NBA,17,BKN,Nets,G,Terance,Mann,1996-10-18,"6' 6""",215.0,14,Florida State,USA,"Brooklyn, NY",2019,3907823,NULL,NULL,NULL
4687718,NBA,17,BKN,Nets,F,Josh,Minott,2002-11-25,"6' 8""",205.0,00,Memphis,USA,"Boca Raton, FL",2022,4687718,NULL,NULL,NULL
4278104,NBA,17,BKN,Nets,F,Michael,Porter Jr.,1998-06-29,"6' 10""",218.0,17,Missouri,USA,"Columbia, MO",2019,4278104,NULL,NULL,NULL
5037873,NBA,17,BKN,Nets,G,Drake,Powell,2005-09-08,"6' 5""",195.0,4,North Carolina,USA,"Pittsboro, NC",2025,5037873,NULL,NULL,NULL
3064514,NBA,17,BKN,Nets,F,Julius,Randle,1994-11-29,"6' 9""",250.0,30,Kentucky,USA,"Dallas, TX",2014,3064514,NULL,NULL,NULL
5242502,NBA,17,BKN,Nets,G,Ben,Saraf,2006-04-14,"6' 6""",200.0,77,NULL,NULL,NULL,2025,5242502,NULL,NULL,NULL
4432194,NBA,17,BKN,Nets,C,Day'Ron,Sharpe,2001-11-06,"6' 10""",265.0,20,North Carolina,USA,"Greenville, NC",2021,4432194,NULL,NULL,NULL
4397784,NBA,17,BKN,Nets,G,Malachi,Smith,1999-12-06,"6' 4""",205.0,18,Gonzaga,USA,"Belleville, IL",2025,4397784,NULL,NULL,NULL
5279130,NBA,17,BKN,Nets,G,Nolan,Traore,2006-05-28,"6' 3""",185.0,13,NULL,France,Creteil,2025,5279130,NULL,NULL,NULL
3150844,NBA,17,BKN,Nets,F,Moritz,Wagner,1997-04-26,"6' 11""",245.0,NULL,Michigan,Germany,Berlin,2018,3150844,NULL,NULL,NULL
4433137,NBA,17,BKN,Nets,F,Ziaire,Williams,2001-09-12,"6' 9""",185.0,1,Stanford,USA,"Lancaster, CA",2021,4433137,NULL,NULL,NULL
4431714,NBA,17,BKN,Nets,F,Jalen,Wilson,2000-11-04,"6' 6""",220.0,22,Kansas,USA,"Denton, TX",2023,4431714,NULL,NULL,NULL
5107173,NBA,17,BKN,Nets,F,Danny,Wolf,2004-05-05,"6' 11""",250.0,2,Michigan,USA,"Glencoe, IL",2025,5107173,NULL,NULL,NULL
3135045,NBA,30,CHA,Hornets,G,Grayson,Allen,1995-10-08,"6' 3""",198.0,NULL,Duke,USA,"Jacksonville, FL",2018,3135045,NULL,NULL,NULL
5060701,NBA,30,CHA,Hornets,G,Christian,Anderson,2006-04-02,"6' 1""",180.0,NULL,Texas Tech,USA,"Atlanta, GA",2026,5060701,NULL,NULL,NULL
2578239,NBA,30,CHA,Hornets,G,Pat,Connaughton,1993-01-06,"6' 5""",209.0,21,Notre Dame,USA,"Arlington, MA",2015,2578239,NULL,NULL,NULL
4433249,NBA,30,CHA,Hornets,F,Moussa,Diabate,2002-01-21,"6' 10""",210.0,14,Michigan,France,Paris,2022,4433249,NULL,NULL,NULL
2578185,NBA,30,CHA,Hornets,F,Dorian,Finney-Smith,1993-05-04,"6' 7""",220.0,NULL,Florida,USA,"Portsmouth, VA",2016,2578185,NULL,NULL,NULL
4701225,NBA,30,CHA,Hornets,C,PJ,Hall,2002-02-21,"6' 8""",245.0,16,Clemson,USA,"Spartanburg, SC",2024,4701225,NULL,NULL,NULL
4602025,NBA,30,CHA,Hornets,G,Sion,James,2002-12-04,"6' 5""",220.0,4,Duke,USA,"Sugar Hill, GA",2025,4602025,NULL,NULL,NULL
4576060,NBA,30,CHA,Hornets,C,Ryan,Kalkbrenner,2002-01-17,"7' 1""",256.0,11,Creighton,USA,"Florissant, MO",2025,4576060,NULL,NULL,NULL
5061575,NBA,30,CHA,Hornets,G,Kon,Knueppel,2005-08-03,"6' 6""",215.0,7,Duke,USA,"Milwaukee, WI",2025,5061575,NULL,NULL,NULL
4432819,NBA,30,CHA,Hornets,G,Tre,Mann,2001-02-03,"6' 4""",178.0,23,Florida,USA,"Gainesville, FL",2021,4432819,NULL,NULL,NULL
5239590,NBA,30,CHA,Hornets,G,Liam,McNeeley,2005-10-10,"6' 7""",210.0,33,UConn,USA,"Richardson, TX",2025,5239590,NULL,NULL,NULL
4433287,NBA,30,CHA,Hornets,F,Brandon,Miller,2002-11-22,"6' 7""",200.0,24,Alabama,USA,"Antioch, TN",2023,4433287,NULL,NULL,NULL
2583632,NBA,30,CHA,Hornets,F,Royce,O'Neale,1993-06-05,"6' 6""",226.0,NULL,Baylor,USA,"Killeen, TX",2017,2583632,NULL,NULL,NULL
4396971,NBA,30,CHA,Hornets,C,Naz,Reid,1999-08-26,"6' 9""",264.0,NULL,LSU,USA,"Asbury Park, NJ",2019,4396971,NULL,NULL,NULL
5211176,NBA,30,CHA,Hornets,F,Tidjane,Salaun,2005-08-10,"6' 10""",207.0,31,NULL,NULL,NULL,2024,5211176,NULL,NULL,NULL
5281370,NBA,30,CHA,Hornets,F,Hannes,Steinbach,2006-05-01,"6' 10""",248.0,NULL,Washington,Germany,Wurzburg,2026,5281370,NULL,NULL,NULL
4277964,NBA,30,CHA,Hornets,F,Xavier,Tillman,1999-01-12,"6' 8""",245.0,26,Michigan State,USA,"Grand Rapids, MI",2020,4277964,NULL,NULL,NULL
4395651,NBA,30,CHA,Hornets,G,Coby,White,2000-02-16,"6' 4""",195.0,3,North Carolina,USA,"Goldsboro, NC",2019,4395651,NULL,NULL,NULL
4066218,NBA,30,CHA,Hornets,F,Grant,Williams,1998-11-30,"6' 7""",236.0,2,Tennessee,USA,"Charlotte, NC",2019,4066218,NULL,NULL,NULL
5105555,NBA,4,CHI,Bulls,F,Tobe,Awaka,2004-01-30,"6' 8""",255.0,NULL,Arizona,USA,"Hyde Park, NY",2026,5105555,NULL,NULL,NULL
4711294,NBA,4,CHI,Bulls,F,Matas,Buzelis,2004-10-13,"6' 8""",209.0,14,NULL,NULL,NULL,2025,4711294,NULL,NULL,NULL
4278067,NBA,4,CHI,Bulls,C,Nic,Claxton,1999-04-17,"6' 11""",215.0,33,Georgia,USA,"Greenville, SC",2019,4278067,NULL,NULL,NULL
4066650,NBA,4,CHI,Bulls,F,Zach,Collins,1997-11-19,"6' 9""",250.0,12,Gonzaga,USA,"Las Vegas, NV",2017,4066650,NULL,NULL,NULL
4684275,NBA,4,CHI,Bulls,G,Rob,Dillingham,2005-01-04,"6' 2""",175.0,7,Kentucky,USA,"Hickory, NC",2025,4684275,NULL,NULL,NULL
5242496,NBA,4,CHI,Bulls,F,Noa,Essengue,2006-12-18,"6' 11""",206.0,24,NULL,NULL,NULL,2026,5242496,NULL,NULL,NULL
4871145,NBA,4,CHI,Bulls,G,Josh,Giddey,2002-10-10,"6' 7""",216.0,3,NULL,NULL,NULL,2022,4871145,NULL,NULL,NULL
4592933,NBA,4,CHI,Bulls,F,Mouhamadou,Gueye,1998-07-06,"6' 9""",210.0,16,Pittsburgh,USA,"Staten Island, NY",2025,4592933,NULL,NULL,NULL
4395626,NBA,4,CHI,Bulls,G,Tre,Jones,2000-01-08,"6' 1""",185.0,30,Duke,USA,"Apple Valley, MN",2020,4395626,NULL,NULL,NULL
4397071,NBA,4,CHI,Bulls,G,Mac,McClung,1999-01-06,"6' 2""",185.0,5,Texas Tech,USA,"Gate City, VA",2023,4397071,NULL,NULL,NULL
5044385,NBA,4,CHI,Bulls,F,Leonard,Miller,2003-11-26,"6' 10""",220.0,11,NULL,Canada,"Thornhill, ON",2024,5044385,NULL,NULL,NULL
4432822,NBA,4,CHI,Bulls,F,Isaac,Okoro,2001-01-26,"6' 4""",225.0,35,Auburn,USA,"Powder Springs, GA",2020,4432822,NULL,NULL,NULL
2595516,NBA,4,CHI,Bulls,G,Norman,Powell,1993-05-25,"6' 4""",215.0,NULL,UCLA,USA,"San Diego, CA",2015,2595516,NULL,NULL,NULL
4278076,NBA,4,CHI,Bulls,C,Nick,Richards,1997-11-29,"6' 11""",245.0,13,Kentucky,Jamaica,Kingston,2020,4278076,NULL,NULL,NULL
4397189,NBA,4,CHI,Bulls,F,Jalen,Smith,2000-03-16,"6' 8""",215.0,25,Maryland,USA,"Baltimore, MD",2020,4397189,NULL,NULL,NULL
4848625,NBA,4,CHI,Bulls,G,Dailyn,Swain,2005-07-15,"6' 7""",211.0,5,Texas,USA,"Columbus, OH",2026,4848625,NULL,NULL,NULL
4431687,NBA,4,CHI,Bulls,F,Patrick,Williams,2001-08-26,"6' 6""",215.0,44,Florida State,USA,"Charlotte, NC",2020,4431687,NULL,NULL,NULL
5095151,NBA,4,CHI,Bulls,F,Caleb,Wilson,2006-07-18,"6' 9""",211.0,8,North Carolina,USA,"Atlanta, GA",2026,5095151,NULL,NULL,NULL
4017844,NBA,4,CHI,Bulls,F,Guerschon,Yabusele,1995-12-17,"6' 7""",265.0,28,NULL,France,Versailles,2017,4017844,NULL,NULL,NULL
4066328,NBA,5,CLE,Cavaliers,C,Jarrett,Allen,1998-04-21,"6' 9""",243.0,31,Texas,USA,"Round Rock, TX",2018,4066328,NULL,NULL,NULL
3934723,NBA,5,CLE,Cavaliers,C,Thomas,Bryant,1997-07-31,"6' 9""",248.0,3,Indiana,USA,"Rochester, NY",2017,3934723,NULL,NULL,NULL
4431734,NBA,5,CLE,Cavaliers,F,Tristan,Enaruna,2001-06-26,"6' 8""",220.0,21,Cleveland State,Netherlands,Almere,2026,4431734,NULL,NULL,NULL
3992,NBA,5,CLE,Cavaliers,G,James,Harden,1989-08-26,"6' 5""",220.0,1,Arizona State,USA,"Los Angeles, CA",2009,3992,NULL,NULL,NULL
4066757,NBA,5,CLE,Cavaliers,G,Sam,Merrill,1996-05-15,"6' 4""",205.0,5,Utah State,USA,"Bountiful, UT",2020,4066757,NULL,NULL,NULL
5177362,NBA,5,CLE,Cavaliers,F,Riley,Minix,2000-09-22,"6' 7""",230.0,12,Morehead State,USA,"Vero Beach, FL",2025,5177362,NULL,NULL,NULL
3908809,NBA,5,CLE,Cavaliers,G,Donovan,Mitchell,1996-09-07,"6' 2""",215.0,45,Louisville,USA,"Greenwich, CT",2017,3908809,NULL,NULL,NULL
4432158,NBA,5,CLE,Cavaliers,C,Evan,Mobley,2001-06-18,"6' 11""",215.0,4,USC,USA,"Murrieta, CA",2022,4432158,NULL,NULL,NULL
4701233,NBA,5,CLE,Cavaliers,G,Craig,Porter Jr.,2000-02-26,"6' 1""",180.0,9,Wichita State,USA,"Terre Haute, IN",2024,4701233,NULL,NULL,NULL
5023693,NBA,5,CLE,Cavaliers,G,Tyrese,Proctor,2004-04-01,"6' 4""",185.0,24,Duke,Australia,"Sydney, NSW",2026,5023693,NULL,NULL,NULL
4278046,NBA,5,CLE,Cavaliers,F,Olivier,Sarr,1999-02-20,"6' 10""",240.0,33,Kentucky,France,Bordeaux,2023,4278046,NULL,NULL,NULL
3032979,NBA,5,CLE,Cavaliers,G,Dennis,Schroder,1993-09-15,"6' 1""",175.0,8,NULL,Germany,Braunschweig,2013,3032979,NULL,NULL,NULL
4065778,NBA,5,CLE,Cavaliers,G,Max,Strus,1996-03-28,"6' 5""",215.0,2,DePaul,USA,"Hickory Hills, IL",2019,4065778,NULL,NULL,NULL
5041951,NBA,5,CLE,Cavaliers,G,Meleek,Thomas,2006-08-06,"6' 3""",190.0,NULL,Arkansas,USA,"Pittsburgh, PA",2026,5041951,NULL,NULL,NULL
5106268,NBA,5,CLE,Cavaliers,F,Nae'Qwan,Tomlin,2000-12-19,"6' 8""",210.0,35,Memphis,USA,"Harlem, NY",2025,5106268,NULL,NULL,NULL
4683747,NBA,5,CLE,Cavaliers,G,Jaylon,Tyson,2002-12-02,"6' 6""",215.0,20,California,USA,"Plano, TX",2025,4683747,NULL,NULL,NULL
5106261,NBA,5,CLE,Cavaliers,C,Ernest,Udeh Jr.,2004-01-08,"6' 11""",266.0,NULL,Miami,USA,"Orlando, FL",2026,5106261,NULL,NULL,NULL
4593125,NBA,6,DAL,Mavericks,F,Santi,Aldama,2001-01-10,"7' 0""",215.0,NULL,Loyola Maryland,Spain,Las Palmas De Gas,2022,4593125,NULL,NULL,NULL
4432582,NBA,6,DAL,Mavericks,G,Max,Christie,2003-02-10,"6' 5""",190.0,00,Michigan State,USA,"Arlington Heights, IL",2023,4432582,NULL,NULL,NULL
4701208,NBA,6,DAL,Mavericks,C,Moussa,Cisse,2002-09-10,"6' 11""",220.0,30,Memphis,Guinea,Conakry,2026,4701208,NULL,NULL,NULL
5279129,NBA,6,DAL,Mavericks,F,Sergio,de Larrea,2005-12-04,"6' 7""",202.0,NULL,NULL,Spain,Valladolid,2026,5279129,NULL,NULL,NULL
5041939,NBA,6,DAL,Mavericks,F,Cooper,Flagg,2006-12-21,"6' 9""",205.0,32,Duke,USA,"Newport, ME",2026,5041939,NULL,NULL,NULL
4278049,NBA,6,DAL,Mavericks,F,Daniel,Gafford,1998-10-01,"6' 10""",265.0,21,Arkansas,USA,"El Dorado, AR",2019,4278049,NULL,NULL,NULL
6442,NBA,6,DAL,Mavericks,G,Kyrie,Irving,1992-03-23,"6' 2""",195.0,11,Duke,Australia,"Melbourne, VIC",2011,6442,NULL,NULL,NULL
5358755,NBA,6,DAL,Mavericks,G,Vsevolod,Ishchenko,2005-02-10,"6' 8""",218.0,NULL,NULL,Russia,Rostov-on-Don,2026,5358755,NULL,NULL,NULL
4873153,NBA,6,DAL,Mavericks,F,Morez,Johnson Jr.,2006-01-25,"6' 9""",250.0,NULL,Michigan,USA,"Riverdale, IL",2026,4873153,NULL,NULL,NULL
5106040,NBA,6,DAL,Mavericks,F,Tobi,Lawal,2003-05-01,"6' 8""",215.0,NULL,Virginia Tech,England,London,2026,5106040,NULL,NULL,NULL
4683688,NBA,6,DAL,Mavericks,C,Dereck,Lively II,2004-02-12,"7' 1""",230.0,2,Duke,USA,"Philadelphia, PA",2024,4683688,NULL,NULL,NULL
4278594,NBA,6,DAL,Mavericks,F,Naji,Marshall,1998-01-24,"6' 6""",220.0,13,Xavier,USA,"Atlantic City, NJ",2020,4278594,NULL,NULL,NULL
3138160,NBA,6,DAL,Mavericks,F,Caleb,Martin,1995-09-28,"6' 5""",205.0,16,Nevada,USA,"Mocksville, NC",2019,3138160,NULL,NULL,NULL
4433629,NBA,6,DAL,Mavericks,G,Ryan,Nembhard,2003-03-10,"5' 11""",180.0,9,Gonzaga,Canada,"Aurora, ON",2026,4433629,NULL,NULL,NULL
4898238,NBA,6,DAL,Mavericks,G,John,Poulakidas,2003-04-04,"6' 6""",205.0,1,Yale,USA,"Naperville, IL",2026,4898238,NULL,NULL,NULL
2531367,NBA,6,DAL,Mavericks,F,Dwight,Powell,1991-07-20,"6' 10""",240.0,7,Stanford,Canada,"Toronto, ON",2014,2531367,NULL,NULL,NULL
4432107,NBA,6,DAL,Mavericks,G,Marcus,Sasser,2000-09-21,"6' 1""",195.0,25,Houston,USA,"Dallas, TX",2023,4432107,NULL,NULL,NULL
5167876,NBA,6,DAL,Mavericks,F,Tyler,Smith,2004-11-02,"6' 9""",224.0,23,NULL,USA,"Houston, TX",2025,5167876,NULL,NULL,NULL
6475,NBA,6,DAL,Mavericks,G,Klay,Thompson,1990-02-08,"6' 5""",220.0,31,Washington State,USA,"Los Angeles, CA",2011,6475,NULL,NULL,NULL
4278078,NBA,6,DAL,Mavericks,F,P.J.,Washington,1998-08-23,"6' 7""",230.0,25,Kentucky,USA,"Louisville, KY",2019,4278078,NULL,NULL,NULL
4397040,NBA,6,DAL,Mavericks,G,Brandon,Williams,1999-11-22,"6' 1""",190.0,10,Arizona,USA,"Los Angeles, CA",2023,4397040,NULL,NULL,NULL
4277848,NBA,7,DEN,Nuggets,F,Marvin,Bagley III,1999-03-14,"6' 10""",235.0,35,Duke,USA,"Phoenix, AZ",2018,4277848,NULL,NULL,NULL
4431767,NBA,7,DEN,Nuggets,G,Christian,Braun,2001-04-17,"6' 6""",220.0,0,Kansas,USA,"Burlington, KS",2023,4431767,NULL,NULL,NULL
4698719,NBA,7,DEN,Nuggets,F,Trevon,Brazile,2003-01-07,"6' 10""",220.0,NULL,Arkansas,USA,"Springfield, MO",2026,4698719,NULL,NULL,NULL
4065670,NBA,7,DEN,Nuggets,G,Bruce,Brown,1996-08-15,"6' 4""",202.0,11,Miami,USA,"Boston, MA",2018,4065670,NULL,NULL,NULL
3064290,NBA,7,DEN,Nuggets,F,Aaron,Gordon,1995-09-16,"6' 8""",235.0,32,Arizona,USA,"San Jose, CA",2014,3064290,NULL,NULL,NULL
4433607,NBA,7,DEN,Nuggets,F,DaRon,Holmes II,2002-08-15,"6' 9""",225.0,14,Dayton,USA,"Goodyear, AZ",2026,4433607,NULL,NULL,NULL
4565698,NBA,7,DEN,Nuggets,F,Bryce,Hopkins,2002-09-07,"6' 7""",220.0,NULL,St. John's,USA,"Oak Park, IL",2026,4565698,NULL,NULL,NULL
3138196,NBA,7,DEN,Nuggets,F,Cameron,Johnson,1996-03-03,"6' 8""",210.0,23,North Carolina,USA,"Moon Township, PA",2019,3138196,NULL,NULL,NULL
3112335,NBA,7,DEN,Nuggets,C,Nikola,Jokic,1995-02-19,"6' 11""",284.0,15,NULL,Serbia,Sombor,2015,3112335,NULL,NULL,NULL
4592427,NBA,7,DEN,Nuggets,F,Spencer,Jones,2001-06-14,"6' 7""",225.0,21,Stanford,USA,"Roeland Park, KS",2025,4592427,NULL,NULL,NULL
3135046,NBA,7,DEN,Nuggets,G,Tyus,Jones,1996-05-10,"6' 0""",196.0,5,Duke,USA,"Burnsville, MN",2015,3135046,NULL,NULL,NULL
3936299,NBA,7,DEN,Nuggets,G,Jamal,Murray,1997-02-23,"6' 4""",215.0,27,Kentucky,Canada,"Kitchener, ON",2016,3936299,NULL,NULL,NULL
4431690,NBA,7,DEN,Nuggets,F,Zeke,Nnaji,2001-01-09,"6' 10""",240.0,22,Arizona,USA,"Lakeville, MN",2020,4431690,NULL,NULL,NULL
4398390,NBA,7,DEN,Nuggets,G,Jalen,Pickett,1999-10-22,"6' 2""",202.0,24,Penn State,USA,"Rochester, NY",2024,4398390,NULL,NULL,NULL
4593041,NBA,7,DEN,Nuggets,F,David,Roddy,2001-03-27,"6' 4""",255.0,45,Colorado State,USA,"Minneapolis, MN",2023,4593041,NULL,NULL,NULL
4683834,NBA,7,DEN,Nuggets,G,KJ,Simpson,2002-08-08,"6' 1""",189.0,25,Colorado,USA,"West Hills, CA",2025,4683834,NULL,NULL,NULL
4432181,NBA,7,DEN,Nuggets,G,Julian,Strawther,2002-04-18,"6' 6""",205.0,3,Gonzaga,USA,"Las Vegas, NV",2024,4432181,NULL,NULL,NULL
4576087,NBA,7,DEN,Nuggets,G,Peyton,Watson,2002-09-11,"6' 8""",200.0,8,UCLA,USA,"Long Beach, CA",2023,4576087,NULL,NULL,NULL
3908845,NBA,8,DET,Pistons,F,John,Collins,1997-09-23,"6' 9""",226.0,NULL,Wake Forest,USA,"West Palm Beach, FL",2017,3908845,NULL,NULL,NULL
4432166,NBA,8,DET,Pistons,G,Cade,Cunningham,2001-09-25,"6' 6""",220.0,2,Oklahoma State,USA,"Arlington, TX",2022,4432166,NULL,NULL,NULL
4433621,NBA,8,DET,Pistons,C,Jalen,Duren,2003-11-18,"6' 10""",250.0,0,Memphis,USA,"Sharon Hill, PA",2023,4433621,NULL,NULL,NULL
2596112,NBA,8,DET,Pistons,G,Javonte,Green,1993-07-23,"6' 5""",205.0,31,Radford,USA,"Petersburg, VA",2019,2596112,NULL,NULL,NULL
2999547,NBA,8,DET,Pistons,G,Gary,Harris,1994-09-14,"6' 4""",210.0,NULL,Michigan State,USA,"Fishers, IN",2014,2999547,NULL,NULL,NULL
4683771,NBA,8,DET,Pistons,F,Ronald,Holland II,2005-07-07,"6' 8""",206.0,5,NULL,USA,"Duncanville, TX",2025,4683771,NULL,NULL,NULL
4066372,NBA,8,DET,Pistons,G,Kevin,Huerter,1998-08-27,"6' 6""",198.0,27,Maryland,USA,"Albany, NY",2018,4066372,NULL,NULL,NULL
5107199,NBA,8,DET,Pistons,G,Daniss,Jenkins,2001-08-17,"6' 4""",165.0,24,St. John's,USA,"Dallas, TX",2025,5107199,NULL,NULL,NULL
4395702,NBA,8,DET,Pistons,G,Isaiah,Joe,1999-07-02,"6' 4""",165.0,NULL,Arkansas,USA,"Fort Smith, AR",2020,4395702,NULL,NULL,NULL
5107818,NBA,8,DET,Pistons,C,Isaac,Jones,2000-07-11,"6' 8""",245.0,3,Washington State,USA,"Spanaway, WA",2025,5107818,NULL,NULL,NULL
4700852,NBA,8,DET,Pistons,G,Chaz,Lanier,2001-12-19,"6' 3""",206.0,20,Tennessee,USA,"Nashville, TN",2026,4700852,NULL,NULL,NULL
4592187,NBA,8,DET,Pistons,F,Wendell,Moore Jr.,2001-09-18,"6' 5""",215.0,14,Duke,USA,"Charlotte, NC",2023,4592187,NULL,NULL,NULL
5258459,NBA,8,DET,Pistons,G,Ebuka,Okorie,2007-04-10,"6' 2""",186.0,NULL,Stanford,USA,"Nashua, NH",2026,5258459,NULL,NULL,NULL
5037878,NBA,8,DET,Pistons,C,Ugonna,Onyenso,2004-09-25,"7' 0""",236.0,NULL,Virginia,Nigeria,Owerri,2026,5037878,NULL,NULL,NULL
2990962,NBA,8,DET,Pistons,F,Taurean,Prince,1994-03-22,"6' 6""",218.0,12,Baylor,USA,"San Marcos, TX",2016,2990962,NULL,NULL,NULL
4278562,NBA,8,DET,Pistons,F,Paul,Reed,1999-06-14,"6' 9""",210.0,7,DePaul,USA,"Orlando, FL",2020,4278562,NULL,NULL,NULL
3157465,NBA,8,DET,Pistons,F,Duncan,Robinson,1994-04-22,"6' 7""",215.0,55,Michigan,USA,"York, ME",2018,3157465,NULL,NULL,NULL
4397882,NBA,8,DET,Pistons,F,Tolu,Smith,2000-07-26,"6' 11""",250.0,35,Mississippi State,USA,"Bay Saint Louis, MS",2025,4397882,NULL,NULL,NULL
4684742,NBA,8,DET,Pistons,G,Ausar,Thompson,2003-01-30,"6' 7""",205.0,9,NULL,USA,"Oakland, CA",2024,4684742,NULL,NULL,NULL
6430,NBA,9,GS,Warriors,F,Jimmy,Butler III,1989-09-14,"6' 6""",230.0,10,Marquette,USA,"Houston, TX",2011,6430,NULL,NULL,NULL
4433149,NBA,9,GS,Warriors,G,LJ,Cryer,2001-10-09,"6' 0""",200.0,18,Houston,USA,"Katy, TX",2026,4433149,NULL,NULL,NULL
2326307,NBA,9,GS,Warriors,G,Seth,Curry,1990-08-23,"6' 1""",185.0,31,Duke,USA,"Charlotte, NC",2013,2326307,NULL,NULL,NULL
3975,NBA,9,GS,Warriors,G,Stephen,Curry,1988-03-14,"6' 2""",185.0,30,Davidson,USA,"Akron, OH",2009,3975,NULL,NULL,NULL
6589,NBA,9,GS,Warriors,F,Draymond,Green,1990-03-04,"6' 6""",230.0,23,Michigan State,USA,"Saginaw, MI",2012,6589,NULL,NULL,NULL
3213,NBA,9,GS,Warriors,C,Al,Horford,1986-06-03,"6' 8""",240.0,20,Florida,Dominican Republic,Puerto Plata,2007,3213,NULL,NULL,NULL
5108969,NBA,9,GS,Warriors,G,Lajae,Jones,2004-05-21,"6' 7""",220.0,NULL,Florida State,USA,"Neptune Beach, FL",2026,5108969,NULL,NULL,NULL
5175737,NBA,9,GS,Warriors,F,Yaxel,Lendeborg,2002-09-30,"6' 9""",241.0,NULL,Michigan,USA,"Pennsauken, NJ",2026,5175737,NULL,NULL,NULL
4897449,NBA,9,GS,Warriors,F,Malevy,Leons,1999-09-23,"6' 9""",203.0,33,Bradley,Netherlands,IJmuiden,2025,4897449,NULL,NULL,NULL
4066436,NBA,9,GS,Warriors,G,De'Anthony,Melton,1998-05-28,"6' 2""",200.0,8,USC,USA,"North Hollywood, CA",2018,4066436,NULL,NULL,NULL
4432171,NBA,9,GS,Warriors,G,Moses,Moody,2002-05-31,"6' 5""",211.0,4,Arkansas,USA,"Little Rock, AR",2022,4432171,NULL,NULL,NULL
3134903,NBA,9,GS,Warriors,G,Gary,Payton II,1992-12-01,"6' 2""",195.0,0,Oregon State,USA,"Las Vegas, NV",2016,3134903,NULL,NULL,NULL
4709138,NBA,9,GS,Warriors,G,Brandin,Podziemski,2003-02-25,"6' 4""",205.0,2,Santa Clara,USA,"Greenfield, WI",2024,4709138,NULL,NULL,NULL
3102531,NBA,9,GS,Warriors,C,Kristaps,Porzingis,1995-08-02,"7' 2""",240.0,7,NULL,Latvia,Liepaja,2015,3102531,NULL,NULL,NULL
4593016,NBA,9,GS,Warriors,C,Quinten,Post,2000-03-21,"7' 0""",238.0,21,Boston College,Netherlands,Amsterdam,2025,4593016,NULL,NULL,NULL
4897262,NBA,9,GS,Warriors,G,Will,Richard,2002-12-24,"6' 3""",206.0,3,Florida,USA,"Fairburn, GA",2026,4897262,NULL,NULL,NULL
4997536,NBA,9,GS,Warriors,F,Gui,Santos,2002-06-22,"6' 7""",185.0,15,NULL,Brazil,Brasilia,2024,4997536,NULL,NULL,NULL
4397821,NBA,9,GS,Warriors,G,Nate,Williams,1999-02-12,"6' 5""",205.0,19,Buffalo,USA,"Rochester, NY",2023,4397821,NULL,NULL,NULL
3074213,NBA,9,GS,Warriors,C,Omer,Yurtseven,1998-06-19,"6' 11""",275.0,77,Memphis,Uzbekistan,NULL,2023,3074213,NULL,NULL,NULL
2991235,NBA,10,HOU,Rockets,C,Steven,Adams,1993-07-20,"6' 11""",265.0,12,Pittsburgh,New Zealand,Rotorua,2013,2991235,NULL,NULL,NULL
3037789,NBA,10,HOU,Rockets,G,Bogdan,Bogdanovic,1992-08-18,"6' 5""",225.0,NULL,NULL,Serbia,Belgrade,2017,3037789,NULL,NULL,NULL
3102529,NBA,10,HOU,Rockets,C,Clint,Capela,1994-05-18,"6' 10""",256.0,30,NULL,Switzerland,Geneva,2014,3102529,NULL,NULL,NULL
4592857,NBA,10,HOU,Rockets,F,Isaiah,Crawford,2001-11-01,"6' 6""",220.0,27,Louisiana Tech,USA,"Fort Worth, TX",2025,4592857,NULL,NULL,NULL
4576085,NBA,10,HOU,Rockets,G,JD,Davison,2002-10-03,"6' 1""",195.0,4,Alabama,USA,"Letohatchee, AL",2023,4576085,NULL,NULL,NULL
3202,NBA,10,HOU,Rockets,F,Kevin,Durant,1988-09-29,"6' 11""",240.0,7,Texas,USA,"Suitland, MD",2007,3202,NULL,NULL,NULL
4433192,NBA,10,HOU,Rockets,F,Tari,Eason,2001-05-10,"6' 8""",215.0,17,LSU,USA,"Los Angeles, CA",2023,4433192,NULL,NULL,NULL
3209,NBA,10,HOU,Rockets,F,Jeff,Green,1986-08-28,"6' 8""",235.0,32,Georgetown,USA,"Hyattsville, MD",2007,3209,NULL,NULL,NULL
3922230,NBA,10,HOU,Rockets,G,Aaron,Holiday,1996-09-30,"6' 0""",185.0,0,UCLA,USA,"Chatsworth, CA",2018,3922230,NULL,NULL,NULL
4592965,NBA,10,HOU,Rockets,G,Tristen,Newton,2001-04-26,"6' 5""",202.0,13,UConn,USA,"El Paso, TX",2025,4592965,NULL,NULL,NULL
4871144,NBA,10,HOU,Rockets,C,Alperen,Sengun,2002-07-25,"6' 11""",243.0,28,NULL,Türkiye,Giresun,2022,4871144,NULL,NULL,NULL
4711272,NBA,10,HOU,Rockets,G,Reed,Sheppard,2004-06-24,"6' 2""",185.0,15,Kentucky,USA,"London, KY",2025,4711272,NULL,NULL,NULL
2990992,NBA,10,HOU,Rockets,G,Marcus,Smart,1994-03-06,"6' 3""",220.0,NULL,Oklahoma State,USA,"Flower Mound, TX",2014,2990992,NULL,NULL,NULL
4432639,NBA,10,HOU,Rockets,F,Jabari,Smith Jr.,2003-05-13,"6' 11""",220.0,10,Auburn,USA,"Fayetteville, GA",2023,4432639,NULL,NULL,NULL
3136777,NBA,10,HOU,Rockets,F,Jae'Sean,Tate,1995-10-28,"6' 4""",230.0,8,Ohio State,USA,"Pickerington, OH",2020,3136777,NULL,NULL,NULL
4684740,NBA,10,HOU,Rockets,G,Amen,Thompson,2003-01-30,"6' 7""",200.0,1,NULL,USA,"Oakland, CA",2024,4684740,NULL,NULL,NULL
5105837,NBA,10,HOU,Rockets,G,Bruce,Thornton,2003-09-14,"6' 0""",223.0,NULL,Ohio State,USA,"Fairburn, GA",2026,5105837,NULL,NULL,NULL
2991230,NBA,10,HOU,Rockets,G,Fred,VanVleet,1994-02-25,"6' 0""",197.0,5,Wichita State,USA,"Rockford, IL",2016,2991230,NULL,NULL,NULL
4431752,NBA,11,IND,Pacers,G,Kobe,Brown,2000-01-01,"6' 7""",250.0,24,Missouri,USA,"Huntsville, AL",2024,4431752,NULL,NULL,NULL
5157066,NBA,11,IND,Pacers,G,Johnny,Furphy,2004-12-07,"6' 8""",200.0,12,Kansas,Australia,"Melbourne, VIC",2025,5157066,NULL,NULL,NULL
4396993,NBA,11,IND,Pacers,G,Tyrese,Haliburton,2000-02-29,"6' 5""",185.0,0,Iowa State,USA,"Oshkosh, WI",2020,4396993,NULL,NULL,NULL
4065731,NBA,11,IND,Pacers,C,Jay,Huff,1997-08-25,"7' 1""",240.0,32,Virginia,USA,"Durham, NC",2022,4065731,NULL,NULL,NULL
4592829,NBA,11,IND,Pacers,G,Quenton,Jackson,1998-09-15,"6' 4""",173.0,29,Texas A&M,USA,"Los Angeles, CA",2023,4592829,NULL,NULL,NULL
2530530,NBA,11,IND,Pacers,G,T.J.,McConnell,1992-03-25,"6' 1""",190.0,9,Arizona,USA,"Pittsburgh, PA",2015,2530530,NULL,NULL,NULL
2580365,NBA,11,IND,Pacers,F,Larry,Nance Jr.,1993-01-01,"6' 6""",245.0,NULL,Wyoming,USA,"Akron, OH",2015,2580365,NULL,NULL,NULL
4395712,NBA,11,IND,Pacers,G,Andrew,Nembhard,2000-01-16,"6' 4""",191.0,2,Gonzaga,Canada,"Aurora, ON",2023,4395712,NULL,NULL,NULL
4396909,NBA,11,IND,Pacers,G,Aaron,Nesmith,1999-10-16,"6' 5""",215.0,23,Vanderbilt,USA,"Charleston, SC",2020,4396909,NULL,NULL,NULL
3133603,NBA,11,IND,Pacers,G,Kelly,Oubre Jr.,1995-12-09,"6' 8""",203.0,NULL,Kansas,USA,"Henderson, NV",2015,3133603,NULL,NULL,NULL
4703421,NBA,11,IND,Pacers,G,Taelon,Peter,2002-02-27,"6' 3""",185.0,4,Liberty,USA,"Russellville, AR",2026,4703421,NULL,NULL,NULL
4433076,NBA,11,IND,Pacers,G,Ben,Sheppard,2001-07-16,"6' 6""",190.0,26,Belmont,USA,"Atlanta, GA",2024,4433076,NULL,NULL,NULL
3149673,NBA,11,IND,Pacers,F,Pascal,Siakam,1994-04-02,"6' 8""",245.0,43,New Mexico State,Cameroon,Douala,2016,3149673,NULL,NULL,NULL
4398207,NBA,11,IND,Pacers,F,Jalen,Slawson,1999-10-22,"6' 7""",215.0,18,Furman,USA,"Summerville, SC",2025,4398207,NULL,NULL,NULL
5105854,NBA,11,IND,Pacers,G,Braden,Smith,2003-07-25,"5' 10""",167.0,NULL,Purdue,USA,"Westfield, IN",2026,5105854,NULL,NULL,NULL
4278516,NBA,11,IND,Pacers,G,Ethan,Thompson,1999-05-04,"6' 5""",195.0,55,Oregon State,USA,"Los Angeles, CA",2026,4278516,NULL,NULL,NULL
4278355,NBA,11,IND,Pacers,F,Obi,Toppin,1998-03-04,"6' 9""",220.0,1,Dayton,USA,"Brooklyn, NY",2020,4278355,NULL,NULL,NULL
5106060,NBA,11,IND,Pacers,F,Jarace,Walker,2003-09-04,"6' 7""",235.0,5,Houston,USA,"New Freedom, PA",2024,5106060,NULL,NULL,NULL
4017837,NBA,11,IND,Pacers,C,Ivica,Zubac,1997-03-18,"7' 0""",240.0,40,NULL,Bosnia & Herzegovina,Mostar,2016,4017837,NULL,NULL,NULL
4845363,NBA,12,LAC,Clippers,G,Cam,Christie,2005-07-24,"6' 5""",190.0,12,Minnesota,USA,"Arlington Heights, IL",2025,4845363,NULL,NULL,NULL
5106258,NBA,12,LAC,Clippers,G,Gradey,Dick,2003-11-20,"6' 7""",200.0,1,Kansas,USA,"Wichita, KS",2024,5106258,NULL,NULL,NULL
2991139,NBA,12,LAC,Clippers,G,Kris,Dunn,1994-03-18,"6' 3""",205.0,8,Providence,USA,"New London, CT",2016,2991139,NULL,NULL,NULL
4396907,NBA,12,LAC,Clippers,G,Darius,Garland,2000-01-26,"6' 1""",192.0,10,Vanderbilt,USA,"Gary, IN",2019,4396907,NULL,NULL,NULL
4066648,NBA,12,LAC,Clippers,F,Rui,Hachimura,1998-02-08,"6' 8""",230.0,28,Gonzaga,Japan,Toyama,2019,4066648,NULL,NULL,NULL
3913176,NBA,12,LAC,Clippers,F,Brandon,Ingram,1997-09-02,"6' 8""",190.0,3,Duke,USA,"Kinston, NC",2016,3913176,NULL,NULL,NULL
4432170,NBA,12,LAC,Clippers,F,Isaiah,Jackson,2002-01-10,"6' 8""",205.0,23,Kentucky,USA,"Pontiac, MI",2022,4432170,NULL,NULL,NULL
3936099,NBA,12,LAC,Clippers,F,Derrick,Jones Jr.,1997-02-15,"6' 6""",210.0,5,UNLV,USA,"Chester, PA",2016,3936099,NULL,NULL,NULL
3448,NBA,12,LAC,Clippers,C,Brook,Lopez,1988-04-01,"7' 1""",282.0,11,Stanford,USA,"North Hollywood, CA",2008,3448,NULL,NULL,NULL
5105832,NBA,12,LAC,Clippers,F,Nick,Martinelli,2004-04-20,"6' 7""",224.0,NULL,Northwestern,USA,"Glenview, IL",2026,5105832,NULL,NULL,NULL
4683634,NBA,12,LAC,Clippers,G,Bennedict,Mathurin,2002-06-19,"6' 5""",210.0,9,Arizona,Canada,"Montreal, PQ",2023,4683634,NULL,NULL,NULL
5075626,NBA,12,LAC,Clippers,F,Baba,Miller,2004-02-07,"6' 11""",208.0,NULL,Cincinnati,Spain,Mallorca,2026,5075626,NULL,NULL,NULL
4396818,NBA,12,LAC,Clippers,G,Jordan,Miller,2000-01-23,"6' 5""",194.0,22,Miami,USA,"Middleburg, VA",2024,4396818,NULL,NULL,NULL
5363895,NBA,12,LAC,Clippers,F,Narcisse,Ngoy,2004-07-13,"6' 10""",NULL,NULL,NULL,France,Champigny-sur-Marne,2026,5363895,NULL,NULL,NULL
5108024,NBA,12,LAC,Clippers,C,Yanic Konan,Niederhauser,2003-03-14,"6' 11""",242.0,14,Penn State,Switzerland,Fraschels,2026,5108024,NULL,NULL,NULL
4702134,NBA,12,LAC,Clippers,F,Norchad,Omier,2001-08-28,"6' 5""",248.0,55,Baylor,Nicaragua,Bluefields,2026,4702134,NULL,NULL,NULL
4709131,NBA,12,LAC,Clippers,G,Sean,Pedulla,2002-10-10,"6' 1""",195.0,00,Ole Miss,USA,"Edmond, OK",2026,4709131,NULL,NULL,NULL
4702352,NBA,12,LAC,Clippers,G,Kobe,Sanders,2002-05-30,"6' 8""",207.0,4,Nevada,USA,"San Diego, CA",2026,4702352,NULL,NULL,NULL
5254165,NBA,12,LAC,Clippers,G,Keaton,Wagler,2007-02-03,"6' 5""",188.0,NULL,Illinois,USA,"Shawnee, KS",2026,5254165,NULL,NULL,NULL
4683749,NBA,12,LAC,Clippers,G,TyTy,Washington Jr.,2001-11-15,"6' 3""",195.0,15,Kentucky,USA,"Phoenix, AZ",2023,4683749,NULL,NULL,NULL
5113969,NBA,13,LAL,Lakers,G,Cameron,Carr,2004-11-21,"6' 5""",184.0,NULL,Baylor,USA,"Eden Prairie, MN",2026,5113969,NULL,NULL,NULL
3945274,NBA,13,LAL,Lakers,G,Luka,Doncic,1999-02-28,"6' 8""",230.0,77,NULL,Slovenia,Ljubljana,2018,3945274,NULL,NULL,NULL
4397014,NBA,13,LAL,Lakers,G,Quentin,Grimes,2000-05-08,"6' 4""",210.0,NULL,Houston,USA,"The Woodlands, TX",2021,4397014,NULL,NULL,NULL
4868423,NBA,13,LAL,Lakers,G,Jaden,Hardy,2002-07-05,"6' 3""",198.0,NULL,NULL,USA,"Henderson, NV",2023,4868423,NULL,NULL,NULL
4683774,NBA,13,LAL,Lakers,G,Bronny,James,2004-10-06,"6' 2""",210.0,9,USC,USA,"Akron, OH",2025,4683774,NULL,NULL,NULL
4433136,NBA,13,LAL,Lakers,C,Walker,Kessler,2001-07-26,"7' 2""",245.0,NULL,Auburn,USA,"Newnan, GA",2022,4433136,NULL,NULL,NULL
2960236,NBA,13,LAL,Lakers,F,Maxi,Kleber,1992-01-29,"6' 10""",240.0,14,NULL,Germany,Wurzburg,2017,2960236,NULL,NULL,NULL
4897943,NBA,13,LAL,Lakers,F,Dalton,Knecht,2001-04-19,"6' 6""",215.0,4,Tennessee,USA,"Thornton, CO",2025,4897943,NULL,NULL,NULL
4592691,NBA,13,LAL,Lakers,F,Jake,LaRavia,2001-11-03,"6' 7""",235.0,12,Wake Forest,USA,"Indianapolis, IN",2023,4592691,NULL,NULL,NULL
3155535,NBA,13,LAL,Lakers,F,Kevon,Looney,1996-02-06,"6' 9""",222.0,NULL,UCLA,USA,"Milwaukee, WI",2015,3155535,NULL,NULL,NULL
4278580,NBA,13,LAL,Lakers,F,Sandro,Mamukelashvili,1999-05-23,"6' 9""",240.0,NULL,Seton Hall,Georgia,Tbilisi,2021,4278580,NULL,NULL,NULL
4702972,NBA,13,LAL,Lakers,G,Chris,Manon,2001-12-09,"6' 4""",209.0,30,Vanderbilt,USA,"New Milford, NJ",2026,4702972,NULL,NULL,NULL
5114350,NBA,13,LAL,Lakers,F,AK,Okereke,2003-07-02,"6' 7""",244.0,NULL,Vanderbilt,USA,"Clovis, CA",2026,5114350,NULL,NULL,NULL
4066457,NBA,13,LAL,Lakers,G,Austin,Reaves,1998-05-29,"6' 5""",197.0,15,Oklahoma,USA,"Newark, AR",2022,4066457,NULL,NULL,NULL
4277811,NBA,13,LAL,Lakers,G,Collin,Sexton,1999-01-04,"6' 3""",190.0,NULL,Alabama,USA,"Marietta, GA",2018,4277811,NULL,NULL,NULL
4683686,NBA,13,LAL,Lakers,G,Nick,Smith Jr.,2004-04-18,"6' 2""",185.0,20,Arkansas,USA,"Jacksonville, AR",2024,4683686,NULL,NULL,NULL
5106674,NBA,13,LAL,Lakers,G,Peter,Suder,2003-07-29,"6' 4""",213.0,35,Miami (OH),USA,"Carmel, IN",2026,5106674,NULL,NULL,NULL
5060631,NBA,13,LAL,Lakers,F,Adou,Thiero,2004-05-08,"6' 8""",220.0,1,Arkansas,USA,"Pittsburgh, PA",2026,5060631,NULL,NULL,NULL
4431695,NBA,13,LAL,Lakers,F,Drew,Timme,2000-09-09,"6' 10""",235.0,17,Gonzaga,USA,"Richardson, TX",2025,4431695,NULL,NULL,NULL
4278077,NBA,13,LAL,Lakers,F,Jarred,Vanderbilt,1999-04-03,"6' 8""",214.0,2,Kentucky,USA,"Houston, TX",2018,4278077,NULL,NULL,NULL
4896365,NBA,29,MEM,Grizzlies,G,Adama,Bal,2003-12-18,"6' 7""",200.0,72,Santa Clara,France,Le Mans,2026,4896365,NULL,NULL,NULL
5041935,NBA,29,MEM,Grizzlies,F,Cameron,Boozer,2007-07-18,"6' 8""",253.0,NULL,Duke,USA,"Miami, FL",2026,5041935,NULL,NULL,NULL
2581018,NBA,29,MEM,Grizzlies,G,Kentavious,Caldwell-Pope,1993-02-18,"6' 5""",204.0,3,Georgia,USA,"Thomaston, GA",2013,2581018,NULL,NULL,NULL
4896372,NBA,29,MEM,Grizzlies,G,Walter,Clayton Jr.,2003-03-06,"6' 4""",195.0,4,Florida,USA,"Lake Wales, FL",2026,4896372,NULL,NULL,NULL
4903027,NBA,29,MEM,Grizzlies,F,Cedric,Coward,2003-09-11,"6' 5""",206.0,23,Washington State,USA,"Fresno, CA",2026,4903027,NULL,NULL,NULL
4600663,NBA,29,MEM,Grizzlies,C,Zach,Edey,2002-03-14,"7' 3""",305.0,14,Purdue,Canada,"Toronto, ON",2025,4600663,NULL,NULL,NULL
3986,NBA,29,MEM,Grizzlies,F,Taj,Gibson,1985-06-24,"6' 9""",232.0,67,USC,USA,"Brooklyn, NY",2009,3986,NULL,NULL,NULL
2991070,NBA,29,MEM,Grizzlies,F,Jerami,Grant,1994-03-12,"6' 7""",213.0,9,Syracuse,USA,"Portland, OR",2014,2991070,NULL,NULL,NULL
4684806,NBA,29,MEM,Grizzlies,F,Taylor,Hendricks,2003-11-22,"6' 9""",215.0,22,UCF,USA,"Fort Lauderdale, FL",2024,4684806,NULL,NULL,NULL
5105550,NBA,29,MEM,Grizzlies,F,GG,Jackson,2004-12-17,"6' 9""",210.0,45,South Carolina,USA,"Columbia, SC",2024,5105550,NULL,NULL,NULL
4065733,NBA,29,MEM,Grizzlies,G,Ty,Jerome,1997-07-08,"6' 5""",195.0,2,Virginia,USA,"New Rochelle, NY",2019,4065733,NULL,NULL,NULL
5170947,NBA,29,MEM,Grizzlies,G,AJ,Johnson,2004-12-01,"6' 5""",160.0,NULL,NULL,USA,"Fresno, CA",2025,5170947,NULL,NULL,NULL
5231919,NBA,29,MEM,Grizzlies,F,Karim,Lopez,2007-04-12,"6' 8""",222.0,NULL,NULL,Mexico,Sonora,2026,5231919,NULL,NULL,NULL
4683934,NBA,29,MEM,Grizzlies,G,Jahmai,Mashack,2002-11-10,"6' 3""",197.0,21,Tennessee,USA,"Fontana, CA",2026,4683934,NULL,NULL,NULL
4594326,NBA,29,MEM,Grizzlies,F,Kris,Murray,2000-08-19,"6' 8""",218.0,24,Iowa,USA,"Cedar Rapids, IA",2024,4594326,NULL,NULL,NULL
4431785,NBA,29,MEM,Grizzlies,G,Scotty,Pippen Jr.,2000-11-10,"6' 2""",170.0,1,Vanderbilt,USA,"Los Angeles, CA",2023,4431785,NULL,NULL,NULL
4595400,NBA,29,MEM,Grizzlies,F,Olivier-Maxence,Prosper,2002-07-03,"6' 7""",230.0,18,Marquette,Canada,"Montreal, PQ",2024,4595400,NULL,NULL,NULL
3136776,NBA,29,MEM,Grizzlies,G,D'Angelo,Russell,1996-02-23,"6' 3""",193.0,NULL,Ohio State,USA,"Louisville, KY",2015,3136776,NULL,NULL,NULL
5105462,NBA,29,MEM,Grizzlies,G,Richie,Saunders,2001-09-19,"6' 5""",205.0,NULL,BYU,USA,"Riverton, UT",2026,5105462,NULL,NULL,NULL
4781746,NBA,29,MEM,Grizzlies,G,Javon,Small,2002-12-19,"6' 1""",190.0,10,West Virginia,USA,"South Bend, IN",2026,4781746,NULL,NULL,NULL
4433083,NBA,29,MEM,Grizzlies,G,Cam,Spencer,2000-04-06,"6' 3""",205.0,24,UConn,USA,"Davidsonville, MD",2025,4433083,NULL,NULL,NULL
4432810,NBA,29,MEM,Grizzlies,F,Isaiah,Stewart,2001-05-22,"6' 8""",250.0,NULL,Washington,USA,"Rochester, NY",2020,4432810,NULL,NULL,NULL
5112087,NBA,29,MEM,Grizzlies,F,Jaylen,Wells,2003-08-26,"6' 7""",206.0,0,Washington State,USA,"Sacramento, CA",2025,5112087,NULL,NULL,NULL
4432735,NBA,29,MEM,Grizzlies,F,Dariq,Whitehead,2004-08-01,"6' 6""",220.0,0,Duke,USA,"Newark, NJ",2025,4432735,NULL,NULL,NULL
4279147,NBA,29,MEM,Grizzlies,G,Lucas,Williamson,1999-01-28,"6' 4""",205.0,55,Loyola Chicago,USA,"Chicago, IL",2026,4279147,NULL,NULL,NULL
4066261,NBA,14,MIA,Heat,C,Bam,Adebayo,1997-07-18,"6' 9""",260.0,13,Kentucky,USA,"Newark, NJ",2017,4066261,NULL,NULL,NULL
3032977,NBA,14,MIA,Heat,F,Giannis,Antetokounmpo,1994-12-06,"6' 11""",243.0,7,NULL,Greece,Athens,2013,3032977,NULL,NULL,NULL
5107157,NBA,14,MIA,Heat,G,Ryan,Conwell,2004-06-15,"6' 3""",220.0,NULL,Louisville,USA,"Indianapolis, IN",2026,5107157,NULL,NULL,NULL
4837356,NBA,14,MIA,Heat,G,Tre,Donaldson,2003-12-11,"6' 2""",210.0,NULL,Miami,USA,"Tallahassee, FL",2026,4837356,NULL,NULL,NULL
3899664,NBA,14,MIA,Heat,F,Simone,Fontecchio,1995-12-09,"6' 7""",220.0,0,NULL,Italy,L'aquila,2023,3899664,NULL,NULL,NULL
4431772,NBA,14,MIA,Heat,F,Myron,Gardner,2001-05-21,"6' 5""",225.0,15,Little Rock,USA,"Detroit, MI",2026,4431772,NULL,NULL,NULL
4700818,NBA,14,MIA,Heat,C,Vladislav,Goldin,2001-05-12,"7' 0""",255.0,50,Michigan,Russia,Nalchick,2026,4700818,NULL,NULL,NULL
2528210,NBA,14,MIA,Heat,G,Tim,Hardaway Jr.,1992-03-16,"6' 5""",205.0,11,Michigan,USA,"Alameda, CA",2013,2528210,NULL,NULL,NULL
4431786,NBA,14,MIA,Heat,F,Keshad,Johnson,2001-06-23,"6' 6""",230.0,16,Arizona,USA,"Oakland, CA",2025,4431786,NULL,NULL,NULL
4997528,NBA,14,MIA,Heat,F,Nikola,Jovic,2003-06-09,"6' 10""",240.0,5,NULL,NULL,NULL,2023,4997528,NULL,NULL,NULL
4432645,NBA,14,MIA,Heat,G,Trevor,Keels,2003-08-26,"6' 5""",215.0,8,Duke,USA,"Clinton, MD",2025,4432645,NULL,NULL,NULL
4601025,NBA,14,MIA,Heat,G,Pelle,Larsson,2001-02-23,"6' 5""",215.0,9,Arizona,Sweden,Nacka,2025,4601025,NULL,NULL,NULL
4278053,NBA,14,MIA,Heat,G,Davion,Mitchell,1998-09-05,"6' 0""",210.0,45,Baylor,USA,"Hinesville, GA",2022,4278053,NULL,NULL,NULL
3064482,NBA,14,MIA,Heat,F,Bobby,Portis,1995-02-10,"6' 9""",250.0,95,Arkansas,USA,"Little Rock, AR",2015,3064482,NULL,NULL,NULL
4066993,NBA,14,MIA,Heat,G,Dru,Smith,1997-12-30,"6' 2""",200.0,12,Missouri,USA,"Evansville, IN",2023,4066993,NULL,NULL,NULL
3059319,NBA,14,MIA,Heat,F,Andrew,Wiggins,1995-02-23,"6' 7""",210.0,22,Kansas,Canada,"Thornhill, ON",2014,3059319,NULL,NULL,NULL
4433133,NBA,14,MIA,Heat,G,Jahmir,Young,2000-10-07,"6' 0""",185.0,17,Maryland,USA,"Upper Marlboro, MD",2025,4433133,NULL,NULL,NULL
5164559,NBA,15,MIL,Bucks,F,Nate,Ament,2006-12-10,"6' 10""",211.0,NULL,Tennessee,USA,"Manassas, VA",2026,5164559,NULL,NULL,NULL
5082206,NBA,15,MIL,Bucks,G,Brayden,Burries,2005-09-18,"6' 4""",215.0,NULL,Arizona,USA,"San Bernardino, CA",2026,5082206,NULL,NULL,NULL
4997526,NBA,15,MIL,Bucks,F,Ousmane,Dieng,2003-05-21,"6' 9""",185.0,21,NULL,France,Lot-et-Garonne,2023,4997526,NULL,NULL,NULL
4397475,NBA,15,MIL,Bucks,G,AJ,Green,1999-09-27,"6' 4""",190.0,20,Northern Iowa,USA,"Cedar Falls, IA",2023,4397475,NULL,NULL,NULL
4395725,NBA,15,MIL,Bucks,G,Tyler,Herro,2000-01-20,"6' 5""",205.0,14,Kentucky,USA,"Milwaukee, WI",2019,4395725,NULL,NULL,NULL
4432190,NBA,15,MIL,Bucks,G,Andre,Jackson Jr.,2001-11-13,"6' 6""",209.0,44,UConn,USA,"Amsterdam, NY",2024,4432190,NULL,NULL,NULL
5214640,NBA,15,MIL,Bucks,G,Kasparas,Jakucionis,2006-05-29,"6' 5""",205.0,25,Illinois,Lithuania,Vilnius,2026,5214640,NULL,NULL,NULL
4432848,NBA,15,MIL,Bucks,F,Jaime,Jaquez Jr.,2001-02-18,"6' 6""",230.0,11,UCLA,USA,"Camarillo, CA",2024,4432848,NULL,NULL,NULL
4697268,NBA,15,MIL,Bucks,G,Kam,Jones,2002-02-25,"6' 4""",200.0,NULL,Marquette,USA,"Memphis, TN",2026,4697268,NULL,NULL,NULL
3134907,NBA,15,MIL,Bucks,F,Kyle,Kuzma,1995-07-24,"6' 8""",221.0,18,Utah,USA,"Flint, MI",2017,3134907,NULL,NULL,NULL
2991043,NBA,15,MIL,Bucks,G,Caris,LeVert,1994-08-25,"6' 7""",205.0,NULL,Michigan,USA,"Pickerington, OH",2016,2991043,NULL,NULL,NULL
5184016,NBA,15,MIL,Bucks,F,Malique,Lewis,2004-11-10,"6' 8""",195.0,NULL,NULL,Trinidad & Tobago,San Fernando,2026,5184016,NULL,NULL,NULL
4397140,NBA,15,MIL,Bucks,G,Kevin,Porter Jr.,2000-05-04,"6' 5""",203.0,7,USC,USA,"Seattle, WA",2019,4397140,NULL,NULL,NULL
4591725,NBA,15,MIL,Bucks,G,Ryan,Rollins,2002-07-03,"6' 3""",180.0,13,Toledo,USA,"Macomb, MI",2023,4591725,NULL,NULL,NULL
4397114,NBA,15,MIL,Bucks,G,Cormac,Ryan,1998-10-26,"6' 5""",195.0,30,North Carolina,USA,"New York, NY",2026,4397114,NULL,NULL,NULL
4277922,NBA,15,MIL,Bucks,C,Jericho,Sims,1998-10-20,"6' 10""",250.0,00,Texas,USA,"Minneapolis, MN",2022,4277922,NULL,NULL,NULL
4277843,NBA,15,MIL,Bucks,G,Gary,Trent Jr.,1999-01-18,"6' 5""",204.0,5,Duke,USA,"Columbus, OH",2018,4277843,NULL,NULL,NULL
3133628,NBA,15,MIL,Bucks,C,Myles,Turner,1996-03-24,"6' 11""",250.0,3,Texas,USA,"Bedford, TX",2015,3133628,NULL,NULL,NULL
5105623,NBA,15,MIL,Bucks,C,Kel'el,Ware,2004-04-20,"7' 0""",250.0,7,Indiana,USA,"North Little Rock, AR",2025,5105623,NULL,NULL,NULL
4432816,NBA,16,MIN,Timberwolves,G,LaMelo,Ball,2001-08-22,"6' 7""",180.0,NULL,NULL,USA,"Chino Hills, CA",2020,4432816,NULL,NULL,NULL
5279133,NBA,16,MIN,Timberwolves,F,Joan,Beringer,2006-11-11,"6' 11""",230.0,19,NULL,France,NULL,2026,5279133,NULL,NULL,NULL
4432247,NBA,16,MIN,Timberwolves,G,Jaylen,Clark,2001-10-13,"6' 5""",205.0,22,UCLA,USA,"Riverside, CA",2025,4432247,NULL,NULL,NULL
3934673,NBA,16,MIN,Timberwolves,G,Donte,DiVincenzo,1997-01-31,"6' 4""",203.0,0,Villanova,USA,"Newark, DE",2018,3934673,NULL,NULL,NULL
4397002,NBA,16,MIN,Timberwolves,G,Ayo,Dosunmu,2000-01-17,"6' 4""",200.0,13,Illinois,USA,"Chicago, IL",2022,4397002,NULL,NULL,NULL
4594268,NBA,16,MIN,Timberwolves,G,Anthony,Edwards,2001-08-05,"6' 4""",225.0,5,Georgia,USA,"Atlanta, GA",2020,4594268,NULL,NULL,NULL
5061585,NBA,16,MIN,Timberwolves,G,Isaiah,Evans,2005-12-06,"6' 6""",186.0,NULL,Duke,USA,"Fayetteville, NC",2026,5061585,NULL,NULL,NULL
4592699,NBA,16,MIN,Timberwolves,F,Enrique,Freeman,2000-07-29,"6' 9""",220.0,25,Akron,USA,"Cleveland, OH",2025,4592699,NULL,NULL,NULL
3032976,NBA,16,MIN,Timberwolves,C,Rudy,Gobert,1992-06-26,"7' 1""",258.0,27,NULL,France,NULL,2013,3032976,NULL,NULL,NULL
4432811,NBA,16,MIN,Timberwolves,G,Josh,Green,2000-11-16,"6' 6""",200.0,NULL,Arizona,Australia,"Sydney, NSW",2020,4432811,NULL,NULL,NULL
4592492,NBA,16,MIN,Timberwolves,G,Bones,Hyland,2000-09-14,"6' 2""",169.0,8,VCU,USA,"Wilmington, DE",2022,4592492,NULL,NULL,NULL
2968436,NBA,16,MIN,Timberwolves,F,Joe,Ingles,1987-10-02,"6' 8""",220.0,7,NULL,Australia,"Adelaide, SA",2014,2968436,NULL,NULL,NULL
4897438,NBA,16,MIN,Timberwolves,F,Trey,Kaufman-Renn,2002-08-19,"6' 9""",240.0,NULL,Purdue,USA,"Sellersburg, IN",2026,4897438,NULL,NULL,NULL
4431671,NBA,16,MIN,Timberwolves,F,Jaden,McDaniels,2000-09-29,"6' 9""",185.0,3,Washington,USA,"Seattle, WA",2020,4431671,NULL,NULL,NULL
5105553,NBA,16,MIN,Timberwolves,F,Julian,Phillips,2003-11-05,"6' 6""",198.0,4,Tennessee,USA,"Blythewood, SC",2024,5105553,NULL,NULL,NULL
4592979,NBA,16,MIN,Timberwolves,G,Zyon,Pullin,2001-03-03,"6' 4""",206.0,15,Florida,USA,"Pleasant Hill, CA",2025,4592979,NULL,NULL,NULL
4432847,NBA,16,MIN,Timberwolves,G,Terrence,Shannon Jr.,2000-07-30,"6' 6""",215.0,1,Illinois,USA,"Chicago, IL",2025,4432847,NULL,NULL,NULL
5157587,NBA,16,MIN,Timberwolves,C,Rocco,Zikarsky,2006-07-11,"7' 3""",254.0,44,NULL,NULL,NULL,2026,5157587,NULL,NULL,NULL
4397136,NBA,3,NO,Pelicans,G,Saddiq,Bey,1999-04-09,"6' 8""",215.0,41,Villanova,USA,"Largo, MD",2020,4397136,NULL,NULL,NULL
4432180,NBA,3,NO,Pelicans,C,Hunter,Dickinson,2000-11-25,"7' 1""",255.0,4,Kansas,USA,"Alexandria, VA",2026,4432180,NULL,NULL,NULL
5144091,NBA,3,NO,Pelicans,G,Jeremiah,Fears,2006-10-14,"6' 3""",190.0,0,Oklahoma,USA,"Joliet, IL",2026,5144091,NULL,NULL,NULL
4683750,NBA,3,NO,Pelicans,G,Jordan,Hawkins,2002-04-29,"6' 5""",190.0,24,UConn,USA,"Gaithersburg, MD",2024,4683750,NULL,NULL,NULL
4277813,NBA,3,NO,Pelicans,F,Herbert,Jones,1998-10-06,"6' 7""",206.0,2,Alabama,USA,"Greensboro, AL",2022,4277813,NULL,NULL,NULL
3442,NBA,3,NO,Pelicans,C,DeAndre,Jordan,1988-07-21,"6' 11""",265.0,6,Texas A&M,USA,"Houston, TX",2008,3442,NULL,NULL,NULL
4997538,NBA,3,NO,Pelicans,F,Karlo,Matkovic,2001-03-30,"6' 10""",231.0,17,NULL,NULL,NULL,2025,4997538,NULL,NULL,NULL
4576086,NBA,3,NO,Pelicans,G,Bryce,McGowens,2002-11-08,"6' 6""",190.0,11,Nebraska,USA,"Pendleton, SC",2023,4576086,NULL,NULL,NULL
5061589,NBA,3,NO,Pelicans,C,Yves,Missi,2004-05-14,"6' 11""",235.0,21,Baylor,Cameroon,Yaounde,2025,5061589,NULL,NULL,NULL
4397688,NBA,3,NO,Pelicans,F,Trey,Murphy III,2000-06-18,"6' 8""",206.0,25,Virginia,USA,"Durham, NC",2022,4397688,NULL,NULL,NULL
3907497,NBA,3,NO,Pelicans,G,Dejounte,Murray,1996-09-19,"6' 4""",180.0,5,Washington,USA,"Seattle, WA",2016,3907497,NULL,NULL,NULL
4432068,NBA,3,NO,Pelicans,C,Josh,Oduro,2000-10-14,"6' 9""",240.0,13,Providence,USA,"Gainesville, VA",2026,4432068,NULL,NULL,NULL
4432185,NBA,3,NO,Pelicans,G,Micah,Peavy,2001-07-16,"6' 7""",220.0,14,Georgetown,USA,"Cibolo, TX",2026,4432185,NULL,NULL,NULL
4703115,NBA,3,NO,Pelicans,G,Jaron,Pierre Jr.,2002-07-12,"6' 6""",210.0,NULL,SMU,USA,"New Orleans, LA",2026,4703115,NULL,NULL,NULL
4277956,NBA,3,NO,Pelicans,G,Jordan,Poole,1999-06-19,"6' 4""",194.0,3,Michigan,USA,"Milwaukee, WI",2019,4277956,NULL,NULL,NULL
4869780,NBA,3,NO,Pelicans,C,Derik,Queen,2004-12-27,"6' 9""",250.0,22,Maryland,USA,"Baltimore, MD",2026,4869780,NULL,NULL,NULL
4395628,NBA,3,NO,Pelicans,F,Zion,Williamson,2000-07-06,"6' 6""",284.0,1,Duke,USA,"Salisbury, NC",2019,4395628,NULL,NULL,NULL
4277869,NBA,18,NY,Knicks,G,Jose,Alvarado,1998-04-12,"6' 0""",179.0,5,Georgia Tech,USA,"Brooklyn, NY",2022,4277869,NULL,NULL,NULL
3934719,NBA,18,NY,Knicks,F,OG,Anunoby,1997-07-17,"6' 7""",240.0,8,Indiana,England,London,2017,3934719,NULL,NULL,NULL
3147657,NBA,18,NY,Knicks,G,Mikal,Bridges,1996-08-30,"6' 6""",209.0,25,Villanova,USA,"Malvern, PA",2018,3147657,NULL,NULL,NULL
3934672,NBA,18,NY,Knicks,G,Jalen,Brunson,1996-08-31,"6' 2""",190.0,11,Villanova,USA,"New Brunswick, NJ",2018,3934672,NULL,NULL,NULL
2528426,NBA,18,NY,Knicks,G,Jordan,Clarkson,1992-06-07,"6' 5""",194.0,00,Missouri,USA,"San Antonio, TX",2014,2528426,NULL,NULL,NULL
5211983,NBA,18,NY,Knicks,F,Pacome,Dadiet,2005-07-27,"6' 9""",210.0,4,NULL,France,Aubagne,2025,5211983,NULL,NULL,NULL
5289900,NBA,18,NY,Knicks,F,Mohamed,Diawara,2005-04-29,"6' 9""",225.0,51,NULL,France,Paris,2026,5289900,NULL,NULL,NULL
6585,NBA,18,NY,Knicks,C,Andre,Drummond,1993-08-10,"6' 11""",279.0,NULL,UConn,USA,"Mount Vernon, NY",2012,6585,NULL,NULL,NULL
3062679,NBA,18,NY,Knicks,G,Josh,Hart,1995-03-06,"6' 5""",215.0,3,Villanova,USA,"Silver Spring, MD",2017,3062679,NULL,NULL,NULL
4395623,NBA,18,NY,Knicks,F,Trey,Jemison III,1999-11-28,"6' 10""",270.0,50,UAB,USA,"Birmingham, AL",2024,4395623,NULL,NULL,NULL
4702159,NBA,18,NY,Knicks,F,Dillon,Jones,2001-10-29,"6' 5""",235.0,1,Weber State,USA,"Columbia, SC",2025,4702159,NULL,NULL,NULL
5234862,NBA,18,NY,Knicks,G,Jack,Kayil,2006-01-27,"6' 5""",185.0,NULL,NULL,Germany,Berlin,2026,5234862,NULL,NULL,NULL
4433225,NBA,18,NY,Knicks,G,Tyler,Kolek,2001-03-27,"6' 2""",195.0,13,Marquette,USA,"Cumberland, RI",2025,4433225,NULL,NULL,NULL
4431823,NBA,18,NY,Knicks,G,Miles,McBride,2000-09-08,"6' 2""",195.0,2,West Virginia,USA,"Cincinnati, OH",2022,4431823,NULL,NULL,NULL
4411057,NBA,18,NY,Knicks,G,Kevin,McCullar Jr.,2001-03-15,"6' 6""",210.0,9,Kansas,USA,"San Antonio, TX",2025,4411057,NULL,NULL,NULL
4838721,NBA,18,NY,Knicks,F,Tyler,Nickel,2003-09-05,"6' 8""",217.0,NULL,Vanderbilt,USA,"Harrisonburg, VA",2026,4838721,NULL,NULL,NULL
3914044,NBA,18,NY,Knicks,G,Landry,Shamet,1997-03-13,"6' 5""",190.0,44,Wichita State,USA,"Kansas City, MO",2018,3914044,NULL,NULL,NULL
4610139,NBA,18,NY,Knicks,F,Jeremy,Sochan,2003-05-20,"6' 8""",230.0,20,Baylor,England,Milton Keynes,2023,4610139,NULL,NULL,NULL
3136195,NBA,18,NY,Knicks,C,Karl-Anthony,Towns,1995-11-15,"7' 0""",248.0,32,Kentucky,USA,"Edison, NJ",2015,3136195,NULL,NULL,NULL
4684208,NBA,25,OKC,Thunder,F,Brooks,Barnhizer,2002-03-02,"6' 6""",226.0,23,Northwestern,USA,"Lafayette, IN",2026,4684208,NULL,NULL,NULL
2991350,NBA,25,OKC,Thunder,G,Alex,Caruso,1994-02-28,"6' 5""",186.0,9,Texas A&M,USA,"College Station, TX",2017,2991350,NULL,NULL,NULL
5105800,NBA,25,OKC,Thunder,G,Josh,Dix,2004-06-29,"6' 5""",206.0,NULL,Creighton,USA,"Council Bluffs, IA",2026,5105800,NULL,NULL,NULL
4397020,NBA,25,OKC,Thunder,G,Luguentz,Dort,1999-04-19,"6' 4""",220.0,5,Arizona State,Canada,"Montreal, PQ",2019,4397020,NULL,NULL,NULL
4278073,NBA,25,OKC,Thunder,G,Shai,Gilgeous-Alexander,1998-07-12,"6' 6""",195.0,2,Kentucky,Canada,"Toronto, ON",2018,4278073,NULL,NULL,NULL
4222252,NBA,25,OKC,Thunder,C,Isaiah,Hartenstein,1998-05-05,"7' 0""",250.0,55,NULL,USA,"Eugene, OR",2018,4222252,NULL,NULL,NULL
4433255,NBA,25,OKC,Thunder,C,Chet,Holmgren,2002-05-01,"7' 1""",208.0,7,Gonzaga,USA,"Minneapolis, MN",2024,4433255,NULL,NULL,NULL
5174983,NBA,25,OKC,Thunder,C,Aday,Mara,2005-04-07,"7' 3""",262.0,NULL,Michigan,Spain,Zaragoza,2026,5174983,NULL,NULL,NULL
4683778,NBA,25,OKC,Thunder,G,Jared,McCain,2004-02-20,"6' 3""",195.0,3,Duke,USA,"Sacramento, CA",2025,4683778,NULL,NULL,NULL
4900671,NBA,25,OKC,Thunder,G,Ajay,Mitchell,2002-06-25,"6' 4""",190.0,25,UC Santa Barbara,Belgium,Liege,2025,4900671,NULL,NULL,NULL
5106270,NBA,25,OKC,Thunder,G,Otega,Oweh,2003-06-21,"6' 4""",217.0,NULL,Kentucky,USA,"Newark, NJ",2026,5106270,NULL,NULL,NULL
5061603,NBA,25,OKC,Thunder,C,Thomas,Sorber,2005-12-25,"6' 9""",250.0,12,Georgetown,USA,"Trenton, NJ",2026,5061603,NULL,NULL,NULL
5241364,NBA,25,OKC,Thunder,G,Bennett,Stirtz,2003-10-03,"6' 4""",190.0,NULL,Iowa,USA,"Liberty, MO",2026,5241364,NULL,NULL,NULL
5159925,NBA,25,OKC,Thunder,G,Nikola,Topic,2005-08-10,"6' 6""",200.0,44,NULL,NULL,NULL,2026,5159925,NULL,NULL,NULL
4683692,NBA,25,OKC,Thunder,G,Cason,Wallace,2003-11-07,"6' 3""",195.0,22,Kentucky,USA,"Dallas, TX",2024,4683692,NULL,NULL,NULL
4593803,NBA,25,OKC,Thunder,G,Jalen,Williams,2001-04-14,"6' 5""",211.0,8,Santa Clara,USA,"Gilbert, AZ",2023,4593803,NULL,NULL,NULL
4432823,NBA,25,OKC,Thunder,F,Jaylin,Williams,2002-06-29,"6' 9""",240.0,6,Arkansas,USA,"Fort Smith, AR",2023,4432823,NULL,NULL,NULL
3133626,NBA,25,OKC,Thunder,G,Kenrich,Williams,1994-12-02,"6' 7""",210.0,34,TCU,USA,"Waco, TX",2018,3133626,NULL,NULL,NULL
4432573,NBA,19,ORL,Magic,F,Paolo,Banchero,2002-11-12,"6' 10""",250.0,5,Duke,USA,"Seattle, WA",2023,4432573,NULL,NULL,NULL
4066320,NBA,19,ORL,Magic,G,Desmond,Bane,1998-06-25,"6' 6""",215.0,3,TCU,USA,"Richmond, IN",2020,4066320,NULL,NULL,NULL
4348700,NBA,19,ORL,Magic,C,Goga,Bitadze,1999-07-20,"6' 11""",250.0,35,NULL,Georgia,Sagarejo,2019,4348700,NULL,NULL,NULL
4712849,NBA,19,ORL,Magic,G,Anthony,Black,2004-01-20,"6' 7""",200.0,0,Arkansas,USA,"Duncanville, TX",2024,4712849,NULL,NULL,NULL
4278572,NBA,19,ORL,Magic,F,Jamal,Cain,1999-03-20,"6' 7""",191.0,8,Oakland,USA,"Pontiac, MI",2023,4278572,NULL,NULL,NULL
3133635,NBA,19,ORL,Magic,G,Jevon,Carter,1995-09-14,"6' 0""",200.0,2,West Virginia,USA,"Maywood, IL",2018,3133635,NULL,NULL,NULL
4277847,NBA,19,ORL,Magic,C,Wendell,Carter Jr.,1999-04-16,"6' 10""",270.0,34,Duke,USA,"Atlanta, GA",2018,4277847,NULL,NULL,NULL
4397204,NBA,19,ORL,Magic,C,Colin,Castleton,2000-05-25,"6' 10""",250.0,14,Florida,USA,"Deland, FL",2024,4397204,NULL,NULL,NULL
4702382,NBA,19,ORL,Magic,F,Tristan,da Silva,2001-05-15,"6' 8""",217.0,23,Colorado,Germany,Munich,2025,4702382,NULL,NULL,NULL
5105806,NBA,19,ORL,Magic,G,Jett,Howard,2003-09-14,"6' 8""",215.0,13,Michigan,USA,"Miami, FL",2024,5105806,NULL,NULL,NULL
4065654,NBA,19,ORL,Magic,F,Jonathan,Isaac,1997-10-03,"6' 10""",230.0,1,Florida State,USA,"Naples, FL",2017,4065654,NULL,NULL,NULL
4593034,NBA,19,ORL,Magic,G,Alex,Morales,1997-11-21,"6' 6""",180.0,30,Wagner,USA,"Paterson, NJ",2026,4593034,NULL,NULL,NULL
5107251,NBA,19,ORL,Magic,F,Izaiyah,Nelson,2003-10-01,"6' 8""",219.0,NULL,South Florida,USA,"Marietta, GA",2026,5107251,NULL,NULL,NULL
5214637,NBA,19,ORL,Magic,F,Noah,Penda,2005-01-07,"6' 7""",215.0,93,NULL,NULL,NULL,2026,5214637,NULL,NULL,NULL
5239561,NBA,19,ORL,Magic,G,Jase,Richardson,2005-10-16,"6' 1""",180.0,11,Michigan State,USA,"Denver, CO",2026,5239561,NULL,NULL,NULL
4432165,NBA,19,ORL,Magic,G,Jalen,Suggs,2001-06-03,"6' 5""",205.0,4,Gonzaga,USA,"Saint Paul, MN",2022,4432165,NULL,NULL,NULL
6478,NBA,19,ORL,Magic,C,Nikola,Vucevic,1990-10-24,"6' 9""",260.0,9,USC,USA,"Simi Valley, CA",2011,6478,NULL,NULL,NULL
4566434,NBA,19,ORL,Magic,F,Franz,Wagner,2001-08-27,"6' 10""",220.0,22,Michigan,Germany,Berlin,2022,4566434,NULL,NULL,NULL
4870562,NBA,20,PHI,76ers,F,Dominick,Barlow,2003-05-26,"6' 9""",215.0,25,NULL,NULL,NULL,2023,4870562,NULL,NULL,NULL
5105637,NBA,20,PHI,76ers,C,Adem,Bona,2003-03-28,"6' 10""",235.0,30,UCLA,Nigeria,Ebonyi State,2025,5105637,NULL,NULL,NULL
4433569,NBA,20,PHI,76ers,F,Johni,Broome,2002-07-19,"6' 10""",235.0,22,Auburn,USA,"Plant City, FL",2026,4433569,NULL,NULL,NULL
3917376,NBA,20,PHI,76ers,G,Jaylen,Brown,1996-10-24,"6' 6""",223.0,7,California,USA,"Marietta, GA",2016,3917376,NULL,NULL,NULL
5124612,NBA,20,PHI,76ers,G,VJ,Edgecombe,2005-07-30,"6' 4""",180.0,77,Baylor,Bahamas,Bimini,2026,5124612,NULL,NULL,NULL
4711297,NBA,20,PHI,76ers,F,Justin,Edwards,2003-12-16,"6' 7""",203.0,11,Kentucky,USA,"Philadelphia, PA",2025,4711297,NULL,NULL,NULL
3059318,NBA,20,PHI,76ers,C,Joel,Embiid,1994-03-16,"7' 0""",280.0,21,Kansas,Cameroon,Yaounde,2016,3059318,NULL,NULL,NULL
4871141,NBA,20,PHI,76ers,C,Ariel,Hukporti,2002-04-12,"7' 0""",246.0,NULL,NULL,Germany,Frankfurt,2024,4871141,NULL,NULL,NULL
4433144,NBA,20,PHI,76ers,G,Caleb,Love,2001-09-27,"6' 3""",212.0,9,Arizona,USA,"Saint Louis, MO",2025,4433144,NULL,NULL,NULL
3012,NBA,20,PHI,76ers,G,Kyle,Lowry,1986-03-25,"6' 0""",196.0,7,Villanova,USA,"Philadelphia, PA",2006,3012,NULL,NULL,NULL
4397179,NBA,20,PHI,76ers,G,Tyrese,Martin,1999-03-07,"6' 6""",215.0,23,UConn,USA,"Allentown, PA",2024,4397179,NULL,NULL,NULL
4431678,NBA,20,PHI,76ers,G,Tyrese,Maxey,2000-11-04,"6' 2""",200.0,0,Kentucky,USA,"Garland, TX",2020,4431678,NULL,NULL,NULL
4873090,NBA,20,PHI,76ers,G,Labaron,Philon Jr.,2005-11-24,"6' 3""",176.0,NULL,Alabama,USA,"Mobile, AL",2026,4873090,NULL,NULL,NULL
5099752,NBA,20,PHI,76ers,G,Rayan,Rupert,2004-05-31,"6' 7""",205.0,12,NULL,France,Paris,2024,5099752,NULL,NULL,NULL
4351851,NBA,20,PHI,76ers,G,Anfernee,Simons,1999-06-08,"6' 3""",200.0,5,NULL,USA,"Altamonte Springs, FL",2018,4351851,NULL,NULL,NULL
4433159,NBA,20,PHI,76ers,F,Dalen,Terry,2002-07-12,"6' 6""",195.0,14,Arizona,USA,"Phoenix, AZ",2023,4433159,NULL,NULL,NULL
3912848,NBA,20,PHI,76ers,F,Dean,Wade,1996-11-20,"6' 9""",228.0,NULL,Kansas State,USA,"Wichita, KS",2019,3912848,NULL,NULL,NULL
4432446,NBA,20,PHI,76ers,F,Jabari,Walker,2002-07-30,"6' 7""",237.0,33,Colorado,USA,"Inglewood, CA",2023,4432446,NULL,NULL,NULL
4431675,NBA,20,PHI,76ers,F,Trendon,Watford,2000-11-09,"6' 8""",237.0,12,LSU,USA,"Birmingham, AL",2022,4431675,NULL,NULL,NULL
3136193,NBA,21,PHX,Suns,G,Devin,Booker,1996-10-30,"6' 5""",206.0,15,Kentucky,USA,"Grand Rapids, MI",2015,3136193,NULL,NULL,NULL
4280245,NBA,21,PHX,Suns,G,Jamaree,Bouyea,1999-06-27,"6' 2""",180.0,17,San Francisco,USA,"Seaside, CA",2023,4280245,NULL,NULL,NULL
4591259,NBA,21,PHX,Suns,G,Koby,Brea,2002-11-06,"6' 6""",215.0,14,Kentucky,USA,"Washington Heights, NY",2026,4591259,NULL,NULL,NULL
4066383,NBA,21,PHX,Suns,F,Miles,Bridges,1998-03-21,"6' 7""",225.0,NULL,Michigan State,USA,"Flint, MI",2018,4066383,NULL,NULL,NULL
3155526,NBA,21,PHX,Suns,F,Dillon,Brooks,1996-01-22,"6' 7""",225.0,3,Oregon,Canada,"Mississauga, ON",2017,3155526,NULL,NULL,NULL
4066387,NBA,21,PHX,Suns,G,Amir,Coffey,1997-06-17,"6' 7""",210.0,2,Minnesota,USA,"Hopkins, MN",2019,4066387,NULL,NULL,NULL
4888725,NBA,21,PHX,Suns,F,Ryan,Dunn,2003-01-07,"6' 7""",216.0,0,Virginia,USA,"Freeport, NY",2025,4888725,NULL,NULL,NULL
5105977,NBA,21,PHX,Suns,F,Rasheer,Fleming,2004-07-10,"6' 9""",240.0,20,Saint Joseph's,USA,"Camden, NJ",2026,5105977,NULL,NULL,NULL
4278585,NBA,21,PHX,Suns,G,Collin,Gillespie,1999-06-25,"6' 1""",195.0,12,Villanova,USA,"Huntingdon Valley, PA",2024,4278585,NULL,NULL,NULL
4278402,NBA,21,PHX,Suns,G,Jordan,Goodwin,1998-10-23,"6' 3""",215.0,23,Saint Louis,USA,"Centreville, IL",2022,4278402,NULL,NULL,NULL
4437244,NBA,21,PHX,Suns,G,Jalen,Green,2002-02-09,"6' 4""",186.0,4,NULL,USA,"Merced, CA",2022,4437244,NULL,NULL,NULL
4291678,NBA,21,PHX,Suns,F,Haywood,Highsmith,1996-12-09,"6' 5""",220.0,7,Wheeling Jesuit,USA,"Baltimore, MD",2018,4291678,NULL,NULL,NULL
4702602,NBA,21,PHX,Suns,F,CJ,Huntley,2002-01-06,"6' 10""",230.0,22,App State,USA,"Huntersville, NC",2026,4702602,NULL,NULL,NULL
4601023,NBA,21,PHX,Suns,F,Oso,Ighodaro,2002-07-14,"6' 11""",235.0,11,Marquette,USA,"Chandler, AZ",2025,4601023,NULL,NULL,NULL
3913174,NBA,21,PHX,Suns,G,Luke,Kennard,1996-06-24,"6' 5""",206.0,NULL,Duke,USA,"Middletown, OH",2017,3913174,NULL,NULL,NULL
4277957,NBA,21,PHX,Suns,F,Isaiah,Livers,1998-07-28,"6' 6""",232.0,18,Michigan,USA,"Kalamazoo, MI",2023,4277957,NULL,NULL,NULL
5203685,NBA,21,PHX,Suns,C,Khaman,Maluach,2006-09-14,"7' 2""",250.0,10,Duke,South Sudan,Rumbek,2026,5203685,NULL,NULL,NULL
5041953,NBA,21,PHX,Suns,F,Koa,Peat,2007-01-20,"6' 8""",245.0,NULL,Arizona,USA,"Chandler, AZ",2026,5041953,NULL,NULL,NULL
4592714,NBA,21,PHX,Suns,G,Pat,Spencer,1996-07-04,"6' 2""",205.0,NULL,Northwestern,USA,"Davidsonville, MD",2024,4592714,NULL,NULL,NULL
4701232,NBA,21,PHX,Suns,C,Mark,Williams,2001-12-16,"7' 1""",240.0,15,Duke,USA,"Virginia Beach, VA",2023,4701232,NULL,NULL,NULL
4683021,NBA,22,POR,Trail Blazers,F,Deni,Avdija,2001-01-03,"6' 8""",228.0,8,NULL,Israel,Tel Aviv,2020,4683021,NULL,NULL,NULL
4431736,NBA,22,POR,Trail Blazers,F,Toumani,Camara,2000-05-08,"6' 7""",230.0,33,Dayton,Belgium,Brussels,2024,4431736,NULL,NULL,NULL
4592435,NBA,22,POR,Trail Blazers,C,Branden,Carlson,1999-06-14,"7' 0""",220.0,NULL,Utah,USA,"South Jordan, UT",2024,4592435,NULL,NULL,NULL
5081727,NBA,22,POR,Trail Blazers,G,Sidy,Cissoko,2004-04-02,"6' 6""",220.0,91,NULL,France,Paris,2024,5081727,NULL,NULL,NULL
5105565,NBA,22,POR,Trail Blazers,C,Donovan,Clingan,2004-02-23,"7' 2""",280.0,23,UConn,USA,"Bristol, CT",2025,5105565,NULL,NULL,NULL
5217746,NBA,22,POR,Trail Blazers,C,Yang,Hansen,2005-06-26,"7' 1""",270.0,16,NULL,China,NULL,2026,5217746,NULL,NULL,NULL
4683678,NBA,22,POR,Trail Blazers,G,Scoot,Henderson,2004-02-03,"6' 3""",207.0,00,NULL,USA,"Marietta, GA",2024,4683678,NULL,NULL,NULL
3995,NBA,22,POR,Trail Blazers,G,Jrue,Holiday,1990-06-12,"6' 4""",220.0,5,UCLA,USA,"Chatsworth, CA",2009,3995,NULL,NULL,NULL
4703889,NBA,22,POR,Trail Blazers,G,Jayson,Kent,2002-02-03,"6' 8""",215.0,29,Texas,USA,"Oak Forest, IL",2026,4703889,NULL,NULL,NULL
4578893,NBA,22,POR,Trail Blazers,G,Vit,Krejci,2000-06-19,"6' 8""",195.0,27,NULL,Czech Republic,NULL,2020,4578893,NULL,NULL,NULL
6606,NBA,22,POR,Trail Blazers,G,Damian,Lillard,1990-07-15,"6' 2""",200.0,0,Weber State,USA,"Oakland, CA",2012,6606,NULL,NULL,NULL
4279888,NBA,22,POR,Trail Blazers,G,Ja,Morant,1999-08-10,"6' 2""",174.0,1,Murray State,USA,"Dalzell, SC",2019,4279888,NULL,NULL,NULL
4914336,NBA,22,POR,Trail Blazers,G,Shaedon,Sharpe,2003-05-30,"6' 5""",210.0,17,Kentucky,Canada,"London, ON",2023,4914336,NULL,NULL,NULL
3907498,NBA,22,POR,Trail Blazers,G,Matisse,Thybulle,1997-03-04,"6' 5""",202.0,4,Washington,USA,"Issaquah, WA",2019,3907498,NULL,NULL,NULL
4683935,NBA,22,POR,Trail Blazers,G,Blake,Wesley,2003-03-16,"6' 4""",190.0,1,Notre Dame,USA,"South Bend, IN",2023,4683935,NULL,NULL,NULL
4066211,NBA,22,POR,Trail Blazers,C,Robert,Williams III,1997-10-17,"6' 9""",249.0,35,Texas A&M,USA,"Shreveport, LA",2018,4066211,NULL,NULL,NULL
4706557,NBA,22,POR,Trail Blazers,G,Chris,Youngblood,2002-02-09,"6' 4""",221.0,11,Alabama,USA,"Tuscaloosa, AL",2026,4706557,NULL,NULL,NULL
4431679,NBA,23,SAC,Kings,PF,Precious,Achiuwa,1999-09-19,"6' 8""",243.0,9,Memphis,USA,"Queens, NY",2020,4431679,NULL,NULL,NULL
5142620,NBA,23,SAC,Kings,G,Darius,Acuff Jr.,2006-11-16,"6' 2""",186.0,5,Arkansas,USA,"Detroit, MI",2026,5142620,NULL,NULL,NULL
4433174,NBA,23,SAC,Kings,C,Dylan,Cardwell,2001-12-16,"6' 10""",255.0,32,Auburn,USA,"Augusta, GA",2026,4433174,NULL,NULL,NULL
4702384,NBA,23,SAC,Kings,G,Nique,Clifford,2002-02-09,"6' 5""",175.0,5,Colorado State,USA,"Colorado Springs, CO",2026,4702384,NULL,NULL,NULL
3914285,NBA,23,SAC,Kings,F,Drew,Eubanks,1997-02-01,"6' 10""",245.0,19,Oregon State,USA,"Troutdale, OR",2018,3914285,NULL,NULL,NULL
4683024,NBA,23,SAC,Kings,G,Killian,Hayes,2001-07-27,"6' 4""",195.0,3,NULL,USA,"Lakeland, FL",2020,4683024,NULL,NULL,NULL
4065732,NBA,23,SAC,Kings,F,De'Andre,Hunter,1997-12-02,"6' 7""",221.0,15,Virginia,USA,"Philadelphia, PA",2019,4065732,NULL,NULL,NULL
4917149,NBA,23,SAC,Kings,F,Alex,Karaban,2002-11-11,"6' 7""",225.0,33,UConn,USA,"Southborough, MA",2026,4917149,NULL,NULL,NULL
3064440,NBA,23,SAC,Kings,G,Zach,LaVine,1995-03-10,"6' 5""",200.0,8,UCLA,USA,"Seattle, WA",2014,3064440,NULL,NULL,NULL
2528588,NBA,23,SAC,Kings,F,Doug,McDermott,1992-01-03,"6' 7""",225.0,7,Creighton,USA,"Grand Forks, ND",2014,2528588,NULL,NULL,NULL
4066262,NBA,23,SAC,Kings,G,Malik,Monk,1998-02-04,"6' 3""",200.0,0,Kentucky,USA,"Lepanto, AR",2017,4066262,NULL,NULL,NULL
4594327,NBA,23,SAC,Kings,F,Keegan,Murray,2000-08-19,"6' 8""",225.0,13,Iowa,USA,"Cedar Rapids, IA",2023,4594327,NULL,NULL,NULL
4279318,NBA,23,SAC,Kings,G,Daeqwon,Plowden,1998-08-29,"6' 6""",216.0,29,Bowling Green,USA,"Philadelphia, PA",2025,4279318,NULL,NULL,NULL
4898371,NBA,23,SAC,Kings,C,Maxime,Raynaud,2003-04-07,"7' 1""",250.0,42,Stanford,France,Paris,2026,4898371,NULL,NULL,NULL
3155942,NBA,23,SAC,Kings,F,Domantas,Sabonis,1996-05-03,"6' 10""",240.0,11,Gonzaga,Lithuania,Kaunas,2016,3155942,NULL,NULL,NULL
5106058,NBA,23,SAC,Kings,G,Emanuel,Sharp,2004-03-07,"6' 3""",208.0,34,Houston,Israel,Tel Aviv,2026,5106058,NULL,NULL,NULL
4432117,NBA,23,SAC,Kings,G,Isaiah,Stevens,2000-11-01,"5' 11""",185.0,24,Colorado State,USA,"Allen, TX",2025,4432117,NULL,NULL,NULL
3468,NBA,23,SAC,Kings,G,Russell,Westbrook,1988-11-12,"6' 4""",200.0,18,UCLA,USA,"Long Beach, CA",2008,3468,NULL,NULL,NULL
6578,NBA,24,SA,Spurs,F,Harrison,Barnes,1992-05-30,"6' 7""",225.0,40,North Carolina,USA,"Ames, IA",2012,6578,NULL,NULL,NULL
6427,NBA,24,SA,Spurs,C,Bismack,Biyombo,1992-08-28,"6' 8""",255.0,18,NULL,Congo,Lubumbashi,2011,6427,NULL,NULL,NULL
5105337,NBA,24,SA,Spurs,F,Maliq,Brown,2003-11-15,"6' 9""",215.0,NULL,Duke,USA,"Culpeper, VA",2026,5105337,NULL,NULL,NULL
5061568,NBA,24,SA,Spurs,F,Carter,Bryant,2005-11-26,"6' 7""",220.0,11,Arizona,USA,"Riverside, CA",2026,5061568,NULL,NULL,NULL
4845367,NBA,24,SA,Spurs,G,Stephon,Castle,2004-11-01,"6' 6""",215.0,5,UConn,USA,"Covington, GA",2025,4845367,NULL,NULL,NULL
4592479,NBA,24,SA,Spurs,F,Julian,Champagnie,2001-06-29,"6' 7""",217.0,30,St. John's,USA,"Brooklyn, NY",2023,4592479,NULL,NULL,NULL
4066259,NBA,24,SA,Spurs,G,De'Aaron,Fox,1997-12-20,"6' 3""",185.0,4,Kentucky,USA,"Houston, TX",2017,4066259,NULL,NULL,NULL
5107968,NBA,24,SA,Spurs,G,Ja'Kobi,Gillespie,2004-03-10,"6' 1""",180.0,NULL,Tennessee,USA,"Greeneville, TN",2026,5107968,NULL,NULL,NULL
5037871,NBA,24,SA,Spurs,G,Dylan,Harper,2006-03-02,"6' 5""",215.0,2,Rutgers,USA,"Franklin Lakes, NJ",2026,5037871,NULL,NULL,NULL
6440,NBA,24,SA,Spurs,F,Tobias,Harris,1992-07-15,"6' 8""",226.0,NULL,Tennessee,USA,"Dix Hills, NY",2011,6440,NULL,NULL,NULL
4433618,NBA,24,SA,Spurs,F,Harrison,Ingram,2002-11-27,"6' 5""",230.0,55,North Carolina,USA,"Dallas, TX",2025,4433618,NULL,NULL,NULL
4395723,NBA,24,SA,Spurs,F,Keldon,Johnson,1999-10-11,"6' 5""",220.0,3,Kentucky,USA,"South Hill, VA",2019,4395723,NULL,NULL,NULL
4713010,NBA,24,SA,Spurs,F,David,Jones Garcia,2001-11-24,"6' 4""",210.0,25,Memphis,Dominican Republic,Santo Domingo,2026,4713010,NULL,NULL,NULL
3064560,NBA,24,SA,Spurs,C,Luke,Kornet,1995-07-15,"7' 1""",250.0,7,Vanderbilt,USA,"Lantana, TX",2017,3064560,NULL,NULL,NULL
3134916,NBA,24,SA,Spurs,G,Jordan,McLaughlin,1996-04-09,"6' 0""",185.0,0,USC,USA,"Etiwanda, CA",2019,3134916,NULL,NULL,NULL
4432872,NBA,24,SA,Spurs,F,Emanuel,Miller,2000-06-19,"6' 7""",215.0,14,TCU,Canada,"Scarborough, ON",2025,4432872,NULL,NULL,NULL
2489663,NBA,24,SA,Spurs,F,Kelly,Olynyk,1991-04-19,"7' 0""",240.0,8,Gonzaga,Canada,"Toronto, ON",2013,2489663,NULL,NULL,NULL
2488653,NBA,24,SA,Spurs,C,Mason,Plumlee,1990-03-05,"7' 0""",254.0,45,Duke,USA,"Fort Wayne, IN",2013,2488653,NULL,NULL,NULL
5101845,NBA,24,SA,Spurs,F,Jayden,Quaintance,2007-07-11,"6' 10""",255.0,NULL,Kentucky,USA,"Cleveland, OH",2026,5101845,NULL,NULL,NULL
5105809,NBA,24,SA,Spurs,C,Tarris,Reed Jr.,2003-08-05,"6' 10""",270.0,NULL,UConn,USA,"Saint Louis, MO",2026,5105809,NULL,NULL,NULL
4395630,NBA,24,SA,Spurs,G,Devin,Vassell,2000-08-23,"6' 5""",200.0,24,Florida State,USA,"Suwanee, GA",2020,4395630,NULL,NULL,NULL
4066317,NBA,24,SA,Spurs,F,Lindy,Waters III,1997-07-28,"6' 5""",210.0,43,Oklahoma State,USA,"Norman, OK",2022,4066317,NULL,NULL,NULL
5104157,NBA,24,SA,Spurs,F,Victor,Wembanyama,2004-01-04,"7' 4""",235.0,1,NULL,France,Paris,2024,5104157,NULL,NULL,NULL
2993874,NBA,28,TOR,Raptors,F,Kyle,Anderson,1993-09-20,"6' 8""",230.0,NULL,UCLA,USA,"Fairview, NJ",2014,2993874,NULL,NULL,NULL
4433134,NBA,28,TOR,Raptors,F,Scottie,Barnes,2001-08-01,"6' 8""",237.0,4,Florida State,USA,"West Palm Beach, FL",2022,4433134,NULL,NULL,NULL
4395625,NBA,28,TOR,Raptors,F,RJ,Barrett,2000-06-14,"6' 6""",214.0,9,Duke,Canada,"Toronto, ON",2019,4395625,NULL,NULL,NULL
4431893,NBA,28,TOR,Raptors,F,Jamison,Battle,2001-05-10,"6' 7""",220.0,77,Ohio State,USA,"Robbinsdale, MN",2025,4431893,NULL,NULL,NULL
4432737,NBA,28,TOR,Raptors,G,Jaden,Bradley,2003-09-14,"6' 3""",205.0,NULL,Arizona,USA,"Rochester, NY",2026,4432737,NULL,NULL,NULL
5149115,NBA,28,TOR,Raptors,F,Allen,Graves,2006-07-28,"6' 8""",225.0,NULL,Santa Clara,USA,"Ponchatoula, LA",2026,5149115,NULL,NULL,NULL
4590360,NBA,28,TOR,Raptors,G,Chucky,Hepburn,2003-02-09,"6' 0""",193.0,24,Louisville,USA,"Omaha, NE",2026,4590360,NULL,NULL,NULL
4431684,NBA,28,TOR,Raptors,F,Trayce,Jackson-Davis,2000-02-22,"6' 9""",245.0,32,Indiana,USA,"Greenwood, IN",2024,4431684,NULL,NULL,NULL
4067017,NBA,28,TOR,Raptors,G,A.J.,Lawson,2000-07-15,"6' 6""",179.0,0,South Carolina,Canada,"Brampton, ON",2023,4067017,NULL,NULL,NULL
6450,NBA,28,TOR,Raptors,F,Kawhi,Leonard,1991-06-29,"6' 6""",225.0,2,San Diego State,USA,"Los Angeles, CA",2011,6450,NULL,NULL,NULL
4702656,NBA,28,TOR,Raptors,G,Alijah,Martin,2001-12-26,"6' 2""",212.0,55,Florida,USA,"Summit, MS",2026,4702656,NULL,NULL,NULL
5093267,NBA,28,TOR,Raptors,F,Collin,Murray-Boyles,2005-06-10,"6' 7""",245.0,30,South Carolina,USA,"Columbia, SC",2026,5093267,NULL,NULL,NULL
3134908,NBA,28,TOR,Raptors,C,Jakob,Poeltl,1995-10-15,"7' 0""",253.0,19,Utah,Austria,Vienna,2016,3134908,NULL,NULL,NULL
4395724,NBA,28,TOR,Raptors,G,Immanuel,Quickley,1999-06-17,"6' 2""",190.0,5,Kentucky,USA,"Havre De Grace, MD",2020,4395724,NULL,NULL,NULL
4432241,NBA,28,TOR,Raptors,G,Jamal,Shead,2002-07-24,"6' 1""",200.0,23,Houston,USA,"Manor, TX",2025,4432241,NULL,NULL,NULL
4023,NBA,28,TOR,Raptors,G,Garrett,Temple,1986-05-08,"6' 5""",195.0,17,LSU,USA,"Baton Rouge, LA",2009,4023,NULL,NULL,NULL
4684272,NBA,28,TOR,Raptors,G,Ja'Kobe,Walter,2004-09-04,"6' 4""",180.0,14,Baylor,USA,"Mckinney, TX",2025,4684272,NULL,NULL,NULL
4433268,NBA,26,UTAH,Jazz,G,Trey,Alexander,2003-05-02,"6' 5""",185.0,23,Creighton,USA,"Oklahoma City, OK",2026,4433268,NULL,NULL,NULL
4873138,NBA,26,UTAH,Jazz,G,Ace,Bailey,2006-08-13,"6' 9""",200.0,19,Rutgers,USA,"Chattanooga, TN",2026,4873138,NULL,NULL,NULL
4683766,NBA,26,UTAH,Jazz,G,Isaiah,Collier,2004-10-08,"6' 4""",210.0,8,USC,USA,"Atlanta, GA",2025,4683766,NULL,NULL,NULL
4684793,NBA,26,UTAH,Jazz,F,Kyle,Filipowski,2003-11-07,"6' 11""",250.0,22,Duke,USA,"Westtown, NY",2025,4684793,NULL,NULL,NULL
4433627,NBA,26,UTAH,Jazz,G,Keyonte,George,2003-11-08,"6' 4""",185.0,3,Baylor,USA,"Lewisville, TX",2024,4433627,NULL,NULL,NULL
5176420,NBA,26,UTAH,Jazz,G,Hayden,Gray,2003-05-11,"6' 4""",190.0,3,UC San Diego,USA,"San Diego, CA",2026,5176420,NULL,NULL,NULL
4397449,NBA,26,UTAH,Jazz,G,Elijah,Harkless,2000-02-03,"6' 3""",195.0,16,UNLV,USA,"San Bernardino, CA",2025,4397449,NULL,NULL,NULL
4397077,NBA,26,UTAH,Jazz,C,Jaxson,Hayes,2000-05-23,"7' 0""",220.0,NULL,Texas,USA,"Norman, OK",2019,4397077,NULL,NULL,NULL
4396963,NBA,26,UTAH,Jazz,F,Blake,Hinson,1999-12-26,"6' 8""",230.0,2,Pittsburgh,USA,"Deltona, FL",2026,4396963,NULL,NULL,NULL
4277961,NBA,26,UTAH,Jazz,F,Jaren,Jackson Jr.,1999-09-15,"6' 10""",242.0,20,Michigan State,USA,"Plainfield, NJ",2018,4277961,NULL,NULL,NULL
3134932,NBA,26,UTAH,Jazz,G,John,Konchar,1996-03-22,"6' 5""",210.0,55,Purdue Fort Wayne,USA,"West Chicago, IL",2019,3134932,NULL,NULL,NULL
3449,NBA,26,UTAH,Jazz,F,Kevin,Love,1988-09-07,"6' 10""",251.0,42,UCLA,USA,"Santa Monica, CA",2008,3449,NULL,NULL,NULL
4066336,NBA,26,UTAH,Jazz,F,Lauri,Markkanen,1997-05-22,"7' 1""",240.0,23,Arizona,Finland,Jyvaskyla,2017,4066336,NULL,NULL,NULL
4898237,NBA,26,UTAH,Jazz,G,Bez,Mbeng,2002-05-02,"6' 4""",185.0,21,Yale,USA,"Potomac, MD",2026,4898237,NULL,NULL,NULL
3133602,NBA,26,UTAH,Jazz,G,Svi,Mykhailiuk,1997-06-10,"6' 7""",205.0,10,Kansas,Ukraine,Cherkasy,2018,3133602,NULL,NULL,NULL
3102530,NBA,26,UTAH,Jazz,C,Jusuf,Nurkic,1994-08-23,"6' 11""",290.0,30,NULL,Bosnia & Herzegovina,Tuzla,2014,3102530,NULL,NULL,NULL
4065663,NBA,26,UTAH,Jazz,G,Josh,Okogie,1998-09-01,"6' 4""",213.0,NULL,Georgia Tech,Nigeria,Lagos,2018,4065663,NULL,NULL,NULL
5041955,NBA,26,UTAH,Jazz,G,Darryn,Peterson,2007-01-17,"6' 5""",199.0,NULL,Kansas,USA,"Canton, OH",2026,5041955,NULL,NULL,NULL
5105839,NBA,26,UTAH,Jazz,F,Brice,Sensabaugh,2003-10-30,"6' 6""",235.0,28,Ohio State,USA,"Orlando, FL",2024,5105839,NULL,NULL,NULL
4432827,NBA,26,UTAH,Jazz,C,Oscar,Tshiebwe,1999-11-27,"6' 8""",255.0,34,Kentucky,Congo,Lubumbashi,2024,4432827,NULL,NULL,NULL
4895758,NBA,26,UTAH,Jazz,F,Cody,Williams,2004-11-20,"6' 8""",190.0,5,Colorado,USA,"Gilbert, AZ",2025,4895758,NULL,NULL,NULL
4278129,NBA,27,WSH,Wizards,C,Deandre,Ayton,1998-07-23,"7' 0""",252.0,NULL,Arizona,Bahamas,Nassau,2018,4278129,NULL,NULL,NULL
4395650,NBA,27,WSH,Wizards,F,Leaky,Black,1999-06-14,"6' 6""",209.0,12,North Carolina,USA,"Concord, NC",2025,4395650,NULL,NULL,NULL
4845374,NBA,27,WSH,Wizards,G,Bub,Carrington,2005-07-21,"6' 4""",190.0,7,Pittsburgh,USA,"Baltimore, MD",2025,4845374,NULL,NULL,NULL
4432907,NBA,27,WSH,Wizards,F,Justin,Champagnie,2001-06-29,"6' 6""",206.0,9,Pittsburgh,USA,"Brooklyn, NY",2022,4432907,NULL,NULL,NULL
4432173,NBA,27,WSH,Wizards,G,Sharife,Cooper,2001-06-11,"6' 0""",176.0,13,Auburn,USA,"Powder Springs, GA",2025,4432173,NULL,NULL,NULL
5104155,NBA,27,WSH,Wizards,G,Bilal,Coulibaly,2004-07-26,"6' 7""",195.0,0,NULL,NULL,NULL,2024,5104155,NULL,NULL,NULL
6583,NBA,27,WSH,Wizards,F,Anthony,Davis,1993-03-11,"6' 10""",253.0,23,Kentucky,USA,"Chicago, IL",2012,6583,NULL,NULL,NULL
5142718,NBA,27,WSH,Wizards,F,AJ,Dybantsa,2007-01-29,"6' 9""",217.0,NULL,BYU,USA,"Brockton, MA",2026,5142718,NULL,NULL,NULL
5174563,NBA,27,WSH,Wizards,F,Kyshawn,George,2003-12-12,"6' 8""",200.0,18,Miami,Switzerland,Monthey,2025,5174563,NULL,NULL,NULL
2581184,NBA,27,WSH,Wizards,F,Anthony,Gill,1992-10-17,"6' 7""",230.0,16,Virginia,USA,"High Point, NC",2020,2581184,NULL,NULL,NULL
5238230,NBA,27,WSH,Wizards,G,Tre,Johnson,2006-03-07,"6' 5""",190.0,12,Texas,USA,"Garland, TX",2026,5238230,NULL,NULL,NULL
6609,NBA,27,WSH,Wizards,F,Khris,Middleton,1991-08-12,"6' 7""",222.0,22,Texas A&M,USA,"Charleston, SC",2012,6609,NULL,NULL,NULL
5105841,NBA,27,WSH,Wizards,F,Felix,Okpara,2004-04-20,"6' 10""",237.0,NULL,Tennessee,Nigeria,Lagos,2026,5105841,NULL,NULL,NULL
4683742,NBA,27,WSH,Wizards,F,Julian,Reese,2003-06-30,"6' 9""",252.0,15,Maryland,USA,"Baltimore, MD",2026,4683742,NULL,NULL,NULL
5144126,NBA,27,WSH,Wizards,G,Will,Riley,2006-02-10,"6' 9""",180.0,27,Illinois,Canada,"Kitchener, ON",2026,5144126,NULL,NULL,NULL
5160992,NBA,27,WSH,Wizards,C,Alex,Sarr,2005-04-26,"7' 0""",205.0,20,NULL,NULL,NULL,2025,5160992,NULL,NULL,NULL
4997537,NBA,27,WSH,Wizards,F,Tristan,Vukcevic,2003-03-11,"7' 0""",220.0,00,NULL,Italy,Siena,2024,4997537,NULL,NULL,NULL
4606840,NBA,27,WSH,Wizards,G,Jamir,Watkins,2001-07-06,"6' 6""",210.0,5,Florida State,USA,"Trenton, NJ",2026,4606840,NULL,NULL,NULL
5105592,NBA,27,WSH,Wizards,F,Cam,Whitmore,2004-07-08,"6' 6""",230.0,1,Villanova,USA,"Odenton, MD",2024,5105592,NULL,NULL,NULL
4277905,NBA,27,WSH,Wizards,G,Trae,Young,1998-09-19,"6' 2""",164.0,3,Oklahoma,USA,"Lubbock, TX",2018,4277905,NULL,NULL,NULL
