playerID,sportCode,teamCode,positionCode,firstName,lastName,dateOfBirth,height,weight,number,college,birthCountry,birthCityState,draftYear,playerID,handed,goals,penaltyMinutes,points,savePct
8484153,NHL,ANA,C,Leo,Carlsson,2004-12-26,"6' 3""",208,91,NULL,SWE,Karlstad,2023,8484153,L,29,33,67,NULL
8481538,NHL,ANA,R,Judd,Caulfield,2001-03-19,"6' 3""",220,75,NULL,USA,"Grand Forks, North Dakota",2019,8481538,R,NULL,NULL,NULL,NULL
8483444,NHL,ANA,C,Nathan,Gaucher,2003-11-06,"6' 3""",226,41,NULL,CAN,"Chambly, Quebec",2022,8483444,R,0,0,0,NULL
8483445,NHL,ANA,L,Cutter,Gauthier,2004-01-19,"6' 2""",205,61,NULL,SWE,Skelleftea,2022,8483445,L,41,28,69,NULL
8475798,NHL,ANA,C,Mikael,Granlund,1992-02-26,"5' 10""",193,64,NULL,FIN,Oulu,2010,8475798,L,19,18,41,NULL
8478421,NHL,ANA,L,A.J.,Greer,1996-12-14,"6' 3""",224,NULL,NULL,CAN,"Joliette, Quebec",2015,8478421,L,17,113,32,NULL
8480468,NHL,ANA,L,James,Hamblin,1999-04-27,"5' 10""",185,NULL,NULL,CAN,"Edmonton, Alberta",NULL,8480468,L,2,0,3,NULL
8473986,NHL,ANA,L,Alex,Killorn,1989-09-14,"6' 1""",205,17,NULL,CAN,"Halifax, Nova Scotia",2007,8473986,L,15,40,33,NULL
8475184,NHL,ANA,L,Chris,Kreider,1991-04-30,"6' 3""",232,20,NULL,USA,"Boxford, Massachusetts",2009,8475184,L,22,34,50,NULL
8482408,NHL,ANA,L,Jeff,Malott,1996-08-07,"6' 5""",215,NULL,NULL,CAN,"Burlington, Ontario",NULL,8482408,L,3,55,9,NULL
8484201,NHL,ANA,L,Nico,Myatovic,2004-12-01,"6' 2""",203,48,NULL,CAN,"Prince George, British Columbia",2023,8484201,L,NULL,NULL,NULL,NULL
8480068,NHL,ANA,C,Ryan,Poehling,1999-01-03,"6' 2""",206,25,NULL,USA,"Lakeville, Minnesota",2017,8480068,L,11,12,36,NULL
8484762,NHL,ANA,R,Beckett,Sennecke,2006-01-28,"6' 3""",206,45,NULL,CAN,"Toronto, Ontario",2024,8484762,R,23,62,60,NULL
8478873,NHL,ANA,R,Troy,Terry,1997-09-10,"6' 0""",193,19,NULL,USA,"Denver, Colorado",2015,8478873,R,19,14,57,NULL
8478366,NHL,ANA,R,Frank,Vatrano,1994-03-14,"5' 11""",203,77,NULL,USA,"East Longmeadow, Massachusetts",NULL,8478366,L,5,40,9,NULL
8484238,NHL,ANA,C,Anton,Wahlberg,2005-07-04,"6' 4""",205,NULL,NULL,SWE,Malmo,2023,8484238,L,NULL,NULL,NULL,NULL
8485512,NHL,ANA,C,Tim,Washe,2001-08-25,"6' 3""",212,42,NULL,USA,"Detroit, Michigan",NULL,8485512,L,2,14,5,NULL
8481563,NHL,ANA,D,Drew,Helleson,2001-03-26,"6' 3""",208,14,NULL,USA,"Farmington, Minnesota",2019,8481563,R,2,20,15,NULL
8482731,NHL,ANA,D,Tyson,Hinds,2003-03-12,"6' 3""",201,60,NULL,CAN,"Gatineau, Quebec",2021,8482731,L,0,2,0,NULL
8475324,NHL,ANA,D,Nick,Jensen,1990-09-21,"6' 0""",202,NULL,NULL,USA,"Rogers, Minnesota",2009,8475324,R,4,22,17,NULL
8481605,NHL,ANA,D,Jackson,LaCombe,2001-01-09,"6' 2""",208,2,NULL,USA,"Eden Prairie, Minnesota",2019,8481605,L,10,19,58,NULL
8483490,NHL,ANA,D,Pavel,Mintyukov,2003-11-25,"6' 1""",207,98,NULL,RUS,Moscow,2022,8483490,L,8,17,22,NULL
8484262,NHL,ANA,D,Travis,Mitchell,1999-11-25,"6' 4""",203,NULL,NULL,USA,"South Lyon, Michigan",NULL,8484262,L,1,6,1,NULL
8482178,NHL,ANA,D,Ian,Moore,2002-01-04,"6' 3""",205,3,NULL,USA,"Salt Lake City, Utah",2020,8482178,R,4,24,12,NULL
8481461,NHL,ANA,D,Corey,Schueneman,1995-09-02,"5' 11""",204,NULL,NULL,USA,"Milford, Michigan",NULL,8481461,L,0,0,0,NULL
8483521,NHL,ANA,D,Noah,Warren,2004-07-15,"6' 4""",224,47,NULL,CAN,"Montréal, Quebec",2022,8483521,R,NULL,NULL,NULL,NULL
8480808,NHL,ANA,D,Jett,Woo,2000-07-27,"6' 0""",205,NULL,NULL,CAN,"Winnipeg, Manitoba",2018,8480808,R,NULL,NULL,NULL,NULL
8476316,NHL,ANA,G,Laurent,Brossoit,1993-03-23,"6' 3""",203,NULL,NULL,CAN,"Port Alberni, British Columbia",2011,8476316,L,0,0,0,0.91
8480843,NHL,ANA,G,Lukas,Dostal,2000-06-22,"6' 2""",190,1,NULL,CZE,Brno,2018,8480843,L,0,0,0,0.90
8478024,NHL,ANA,G,Ville,Husso,1995-02-06,"6' 3""",205,33,NULL,FIN,Helsinki,2014,8478024,L,0,0,0,0.90
8479591,NHL,BOS,C,Michael,Eyssimont,1996-09-09,"6' 0""",195,81,NULL,USA,"Littleton, Colorado",2016,8479591,L,8,31,18,NULL
8479987,NHL,BOS,C,Morgan,Geekie,1998-07-20,"6' 3""",212,39,NULL,CAN,"Strathclair, Manitoba",2017,8479987,R,39,22,68,NULL
8485395,NHL,BOS,C,James,Hagens,2006-11-03,"5' 11""",177,44,NULL,USA,"Hauppauge, New York",2025,8485395,L,0,2,1,NULL
8479661,NHL,BOS,L,Tanner,Jeannot,1997-05-29,"6' 2""",221,84,NULL,CAN,"Estevan, Saskatchewan",NULL,8479661,L,6,66,22,NULL
8480355,NHL,BOS,C,Mark,Kastelic,1999-03-11,"6' 4""",234,47,NULL,USA,"Phoenix, Arizona",2019,8480355,R,12,140,22,NULL
8482177,NHL,BOS,C,Marat,Khusnutdinov,2002-07-17,"5' 11""",184,92,NULL,RUS,Moscow,2020,8482177,L,15,16,33,NULL
8476374,NHL,BOS,C,Sean,Kuraly,1993-01-20,"6' 2""",208,52,NULL,USA,"Niagara Falls, New York",2011,8476374,L,6,41,22,NULL
8477496,NHL,BOS,C,Elias,Lindholm,1994-12-02,"6' 1""",200,28,NULL,SWE,Boden,2013,8477496,R,17,38,48,NULL
8483489,NHL,BOS,C,Fraser,Minten,2004-07-05,"6' 2""",204,93,NULL,CAN,"Vancouver, British Columbia",2022,8483489,L,17,20,35,NULL
8479999,NHL,BOS,C,Casey,Mittelstadt,1998-11-22,"6' 1""",205,11,NULL,USA,"Eden Prairie, Minnesota",2017,8479999,L,15,12,42,NULL
8477956,NHL,BOS,R,David,Pastrnak,1996-05-25,"6' 0""",199,88,NULL,CZE,Havirov,2014,8477956,R,29,72,100,NULL
8482175,NHL,BOS,R,JJ,Peterka,2002-01-14,"6' 0""",189,77,NULL,DEU,Munich,2020,8482175,L,25,28,47,NULL
8482634,NHL,BOS,C,Alex,Steeves,1999-12-10,"6' 0""",199,21,NULL,USA,"Saint Paul, Minnesota",NULL,8482634,L,9,34,16,NULL
8478401,NHL,BOS,C,Pavel,Zacha,1997-04-06,"6' 4""",211,18,NULL,CZE,Brno,2015,8478401,L,30,28,65,NULL
8481219,NHL,BOS,D,Jonathan,Aspirot,1999-05-16,"6' 0""",212,45,NULL,CAN,"Mascouche, Quebec",NULL,8481219,L,3,43,13,NULL
8478840,NHL,BOS,D,Will,Borgen,1996-12-19,"6' 3""",199,17,NULL,USA,"Moorhead, Minnesota",2015,8478840,R,5,41,15,NULL
8477365,NHL,BOS,D,Connor,Clifton,1995-04-28,"6' 0""",196,75,NULL,USA,"Matawan, New Jersey",2013,8477365,R,2,53,6,NULL
8480887,NHL,BOS,D,Jordan,Harris,2000-07-07,"6' 0""",189,43,NULL,USA,"Haverhill, Massachusetts",2018,8480887,L,1,0,3,NULL
8480035,NHL,BOS,D,Henri,Jokiharju,1999-06-17,"6' 0""",205,20,NULL,FIN,Oulu,2017,8480035,R,2,14,15,NULL
8476854,NHL,BOS,D,Hampus,Lindholm,1994-01-20,"6' 4""",217,27,NULL,SWE,Helsingborg,2012,8476854,L,5,58,26,NULL
8482511,NHL,BOS,D,Mason,Lohrei,2001-01-17,"6' 5""",218,6,NULL,USA,"Baton Rouge, Louisiana",2020,8482511,L,7,20,26,NULL
8479325,NHL,BOS,D,Charlie,McAvoy,1997-12-21,"6' 1""",211,73,NULL,USA,"Long Beach, New York",2016,8479325,R,11,62,61,NULL
8477507,NHL,BOS,D,Nikita,Zadorov,1995-04-16,"6' 7""",255,91,NULL,RUS,Moscow,2013,8477507,L,2,152,22,NULL
8480280,NHL,BOS,G,Jeremy,Swayman,1998-11-24,"6' 3""",195,1,NULL,USA,"Anchorage, Alaska",2017,8480280,L,0,0,0,0.91
8484145,NHL,BUF,L,Zach,Benson,2005-05-12,"5' 10""",177,6,NULL,CAN,"Chilliwack, British Columbia",2023,8484145,L,13,42,43,NULL
8475842,NHL,BUF,C,Sam,Carrick,1992-02-04,"6' 0""",202,10,NULL,CAN,"Stouffville, Ontario",2010,8475842,R,9,65,16,NULL
8479941,NHL,BUF,R,Justin,Danforth,1993-03-15,"5' 8""",193,15,NULL,CAN,"Oshawa, Ontario",NULL,8479941,R,0,2,0,NULL
8482659,NHL,BUF,R,Josh,Doan,2002-02-01,"6' 2""",198,91,NULL,USA,"Scottsdale, Arizona",2021,8482659,R,25,25,52,NULL
8483090,NHL,BUF,C,Riley,Fiddler-Schultz,2002-05-13,"6' 0""",197,45,NULL,CAN,"Edmonton, Alberta",NULL,8483090,L,NULL,NULL,NULL,NULL
8484797,NHL,BUF,C,Konsta,Helenius,2006-05-11,"5' 11""",190,94,NULL,FIN,Ylojarvi,2024,8484797,R,1,0,4,NULL
8482896,NHL,BUF,C,Tyson,Kozak,2002-12-29,"5' 11""",185,48,NULL,CAN,"Souris, Manitoba",2021,8482896,L,2,2,6,NULL
8481522,NHL,BUF,C,Peyton,Krebs,2001-01-26,"6' 0""",188,19,NULL,CAN,"Calgary, Alberta",2019,8481522,L,12,78,39,NULL
8483468,NHL,BUF,C,Jiri,Kulich,2004-04-14,"6' 1""",193,20,NULL,CZE,Kadan,2022,8483468,L,3,4,5,NULL
8479359,NHL,BUF,L,Beck,Malenstyn,1998-02-04,"6' 3""",209,29,NULL,CAN,"Delta, British Columbia",2016,8479359,L,7,38,14,NULL
8480802,NHL,BUF,C,Ryan,McLeod,1999-09-21,"6' 3""",204,71,NULL,CAN,"Mississauga, Ontario",2018,8480802,L,14,16,54,NULL
8480064,NHL,BUF,C,Josh,Norris,1999-05-05,"6' 2""",196,9,NULL,USA,"Oxford, Michigan",2017,8480064,L,13,28,34,NULL
8483500,NHL,BUF,C,Noah,Ostlund,2004-03-11,"5' 11""",180,86,NULL,SWE,Stockholm,2022,8483500,L,11,14,27,NULL
8482097,NHL,BUF,R,Jack,Quinn,2001-09-19,"6' 1""",185,22,NULL,CAN,"Ottawa, Ontario",2020,8482097,R,20,18,51,NULL
8477839,NHL,BUF,L,Conor,Sheary,1992-06-08,"5' 8""",180,43,NULL,USA,"Winchester, Massachusetts",NULL,8477839,L,7,14,18,NULL
8479420,NHL,BUF,C,Tage,Thompson,1997-10-30,"6' 6""",220,72,NULL,USA,"Phoenix, Arizona",2016,8479420,R,40,35,81,NULL
8475722,NHL,BUF,L,Jason,Zucker,1992-01-16,"5' 11""",198,17,NULL,USA,"Newport Beach, California",2010,8475722,L,24,23,45,NULL
8481806,NHL,BUF,D,Louis,Crevier,2001-05-04,"6' 8""",228,46,NULL,CAN,"Quebec City, Quebec",2020,8481806,R,7,63,25,NULL
8480839,NHL,BUF,D,Rasmus,Dahlin,2000-04-13,"6' 3""",204,26,NULL,SWE,Lidkoping,2018,8480839,L,19,76,74,NULL
8478502,NHL,BUF,D,Dennis,Gilbert,1996-10-30,"6' 2""",216,8,NULL,USA,"Buffalo, New York",2015,8478502,L,0,2,1,NULL
8481564,NHL,BUF,D,Ryan,Johnson,2001-07-24,"6' 1""",195,33,NULL,USA,"Newport Beach, California",2019,8481564,L,0,2,0,NULL
8483732,NHL,BUF,D,Vsevolod,Komarov,2004-01-11,"6' 4""",211,76,NULL,RUS,Chelyabinsk,2022,8483732,R,NULL,NULL,NULL,NULL
8484305,NHL,BUF,D,Zach,Metsa,1998-10-19,"5' 9""",198,73,NULL,USA,"Delafield, Wisconsin",NULL,8484305,R,2,8,6,NULL
8485404,NHL,BUF,D,Radim,Mrtka,2007-06-09,"6' 6""",218,57,NULL,CZE,Havlickuv Brod,2025,8485404,R,NULL,NULL,NULL,NULL
8482671,NHL,BUF,D,Owen,Power,2002-11-22,"6' 6""",226,25,NULL,CAN,"Mississauga, Ontario",2021,8482671,L,8,16,29,NULL
8480807,NHL,BUF,D,Mattias,Samuelsson,2000-03-14,"6' 4""",229,23,NULL,USA,"Philadelphia, Pennsylvania",2018,8480807,L,13,28,41,NULL
8479982,NHL,BUF,D,Conor,Timmins,1998-09-18,"6' 3""",213,21,NULL,CAN,"St. Catharines, Ontario",2017,8479982,R,0,18,8,NULL
8482803,NHL,BUF,D,Olen,Zellweger,2003-09-10,"5' 10""",193,51,NULL,CAN,"Calgary, Alberta",2021,8482803,L,7,34,22,NULL
8481551,NHL,BUF,G,Colten,Ellis,2000-10-05,"6' 1""",191,92,NULL,CAN,"Whycocomagh, Nova Scotia",2019,8481551,L,0,0,0,0.90
8480045,NHL,BUF,G,Ukko-Pekka,Luukkonen,1999-03-09,"6' 5""",223,1,NULL,FIN,Espoo,2017,8480045,L,0,0,0,0.90
8479312,NHL,BUF,G,Alex,Lyon,1992-12-09,"6' 1""",199,34,NULL,USA,"Baudette, Minnesota",NULL,8479312,L,0,0,0,0.90
8480191,NHL,BUF,G,Matt,Villalta,1999-06-03,"6' 3""",190,31,NULL,CAN,"Kingston, Ontario",2017,8480191,L,0,0,0,0.87
8474150,NHL,CGY,C,Mikael,Backlund,1989-03-17,"6' 0""",206,11,NULL,SWE,Vasteras,2007,8474150,L,17,16,43,NULL
8482679,NHL,CGY,R,Matt,Coronato,2002-11-14,"5' 10""",183,27,NULL,USA,"Greenlawn, New York",2021,8482679,R,18,32,45,NULL
8480797,NHL,CGY,L,Joel,Farabee,2000-02-25,"6' 0""",186,86,NULL,USA,"Syracuse, New York",2018,8480797,L,20,28,38,NULL
8480028,NHL,CGY,C,Morgan,Frost,1999-05-14,"6' 0""",193,16,NULL,CAN,"Aurora, Ontario",2017,8480028,L,22,28,43,NULL
8484860,NHL,CGY,R,Matvei,Gridin,2006-03-01,"6' 1""",182,92,NULL,RUS,Kurgan,2024,8484860,L,6,2,20,NULL
8486056,NHL,CGY,C,Tyson,Gross,2002-09-23,"6' 3""",195,39,NULL,CAN,"Calgary, Alberta",NULL,8486056,R,1,2,1,NULL
8484180,NHL,CGY,L,Samuel,Honzek,2004-11-12,"6' 4""",186,29,NULL,SVK,Trencin,2023,8484180,L,2,2,4,NULL
8476456,NHL,CGY,L,Jonathan,Huberdeau,1993-06-04,"6' 1""",200,10,NULL,CAN,"Saint-Jerome, Quebec",2011,8476456,L,10,41,25,NULL
8480259,NHL,CGY,C,Ben,Jones,1999-02-26,"6' 0""",187,64,NULL,CAN,"Waterloo, Ontario",2017,8480259,L,1,0,3,NULL
8482209,NHL,CGY,C,Rory,Kerins,2002-04-12,"5' 10""",175,6,NULL,CAN,"Caledon, Ontario",2020,8482209,L,0,2,0,NULL
8483609,NHL,CGY,R,Adam,Klapka,2000-09-14,"6' 8""",235,43,NULL,CZE,Praha,NULL,8483609,R,6,112,18,NULL
8481028,NHL,CGY,C,Martin,Pospisil,1999-11-19,"6' 2""",173,76,NULL,SVK,Zvolen,2018,8481028,L,1,17,3,NULL
8481068,NHL,CGY,C,Yegor,Sharangovich,1998-06-06,"6' 2""",196,17,NULL,BLR,Minsk,2018,8481068,L,15,12,29,NULL
8476458,NHL,CGY,C,Ryan,Strome,1993-07-11,"6' 1""",192,22,NULL,CAN,"Mississauga, Ontario",2011,8476458,R,8,35,21,NULL
8484234,NHL,CGY,L,Aydar,Suniev,2004-11-16,"6' 2""",198,36,NULL,RUS,Kazan,2023,8484234,L,0,2,1,NULL
8484958,NHL,CGY,R,Maxim,Tsyplakov,1998-09-19,"6' 3""",203,42,NULL,RUS,Moscow,NULL,8484958,L,2,6,4,NULL
8482074,NHL,CGY,C,Connor,Zary,2001-09-25,"6' 0""",178,47,NULL,CAN,"Saskatoon, Saskatchewan",2020,8482074,L,12,22,25,NULL
8480860,NHL,CGY,D,Kevin,Bahl,2000-06-27,"6' 6""",230,7,NULL,CAN,"New Westminster, British Columbia",2018,8480860,L,4,47,18,NULL
8484150,NHL,CGY,D,Hunter,Brzustewicz,2004-11-29,"6' 0""",190,48,NULL,USA,"Washington, Michigan",2023,8484150,R,2,4,7,NULL
8477810,NHL,CGY,D,Joel,Hanley,1991-06-08,"5' 11""",186,44,NULL,CAN,"Keswick, Ontario",NULL,8477810,L,0,44,7,NULL
8482165,NHL,CGY,D,Yan,Kuznetsov,2002-03-09,"6' 4""",209,37,NULL,RUS,Murmansk,2020,8482165,L,4,28,12,NULL
8478136,NHL,CGY,D,Jake,Middleton,1996-01-02,"6' 3""",219,5,NULL,CAN,"Wainwright, Alberta",2014,8478136,L,2,76,16,NULL
8483495,NHL,CGY,D,Simon,Nemec,2004-02-15,"6' 1""",190,71,NULL,SVK,Liptovský Mikuláš,2022,8483495,R,11,26,26,NULL
8481167,NHL,CGY,D,Brayden,Pachal,1999-08-23,"6' 2""",202,94,NULL,CAN,"Estevan, Saskatchewan",NULL,8481167,R,1,47,7,NULL
8484768,NHL,CGY,D,Zayne,Parekh,2006-02-15,"6' 0""",179,19,NULL,CAN,"Markham, Ontario",2024,8484768,R,4,8,9,NULL
8480727,NHL,CGY,D,Zach,Whitecloud,1996-11-28,"6' 2""",210,28,NULL,CAN,"Brandon, Manitoba",NULL,8480727,R,2,30,17,NULL
8483709,NHL,CGY,D,Abram,Wiebe,2003-08-28,"6' 2""",187,52,NULL,CAN,"Mission, British Columbia",2022,8483709,L,0,2,0,NULL
8482445,NHL,CGY,G,Devin,Cooley,1997-05-25,"6' 5""",192,1,NULL,USA,"Los Gatos, California",NULL,8482445,L,0,0,0,0.90
8481692,NHL,CGY,G,Dustin,Wolf,2001-04-16,"6' 0""",166,32,NULL,USA,"Gilroy, California",2019,8481692,L,0,0,0,0.90
8478427,NHL,CAR,C,Sebastian,Aho,1997-07-26,"6' 0""",189,20,NULL,FIN,Rauma,2015,8478427,L,27,46,80,NULL
8482809,NHL,CAR,R,Jackson,Blake,2003-08-03,"5' 11""",185,53,NULL,USA,"Fargo, North Dakota",2021,8482809,R,22,40,53,NULL
8477478,NHL,CAR,L,William,Carrier,1994-12-20,"6' 2""",214,28,NULL,CAN,"LaSalle, Quebec",2013,8477478,L,7,18,18,NULL
8475235,NHL,CAR,L,Nicolas,Deslauriers,1991-02-22,"6' 1""",218,44,NULL,CAN,"LaSalle, Quebec",2009,8475235,L,0,38,2,NULL
8477940,NHL,CAR,L,Nikolaj,Ehlers,1996-02-14,"6' 0""",168,27,NULL,DNK,Aalborg,2014,8477940,L,26,14,71,NULL
8475791,NHL,CAR,L,Taylor,Hall,1991-11-14,"6' 1""",210,71,NULL,CAN,"Calgary, Alberta",2010,8475791,L,18,44,48,NULL
8476873,NHL,CAR,L,Mark,Jankowski,1994-09-13,"6' 4""",200,77,NULL,CAN,"Hamilton, Ontario",2012,8476873,L,11,16,21,NULL
8482093,NHL,CAR,R,Seth,Jarvis,2002-02-01,"5' 10""",180,24,NULL,CAN,"Winnipeg, Manitoba",2020,8482093,R,32,23,66,NULL
8480829,NHL,CAR,C,Jesperi,Kotkaniemi,2000-07-06,"6' 3""",212,82,NULL,FIN,Pori,2018,8480829,L,2,8,9,NULL
8476921,NHL,CAR,L,Jordan,Martinook,1992-07-25,"6' 1""",208,48,NULL,CAN,"Brandon, Manitoba",2012,8476921,L,12,35,29,NULL
8480762,NHL,CAR,L,Eric,Robinson,1995-06-14,"6' 2""",220,50,NULL,USA,"Bellmawr, New Jersey",NULL,8480762,L,12,8,18,NULL
8473533,NHL,CAR,C,Jordan,Staal,1988-09-10,"6' 4""",220,11,NULL,CAN,"Thunder Bay, Ontario",2006,8473533,L,20,29,36,NULL
8482702,NHL,CAR,C,Logan,Stankoven,2003-02-26,"5' 8""",165,22,NULL,CAN,"Kamloops, British Columbia",2021,8482702,R,21,25,44,NULL
8480830,NHL,CAR,R,Andrei,Svechnikov,2000-03-26,"6' 3""",200,37,NULL,RUS,Barnaul,2018,8480830,L,31,66,70,NULL
8478970,NHL,CAR,D,Jalen,Chatfield,1996-05-15,"6' 1""",209,5,NULL,USA,"Ypsilanti, Michigan",NULL,8478970,R,2,18,17,NULL
8476906,NHL,CAR,D,Shayne,Gostisbehere,1993-04-20,"5' 11""",183,4,NULL,USA,"Pembroke Pines, Florida",2012,8476906,L,13,22,50,NULL
8480817,NHL,CAR,D,K'Andre,Miller,2000-01-21,"6' 5""",210,19,NULL,USA,"St. Paul, Minnesota",2018,8480817,L,8,56,37,NULL
8482100,NHL,CAR,D,Alexander,Nikishin,2001-10-02,"6' 3""",218,21,NULL,RUS,Orel,2020,8482100,L,11,33,33,NULL
8476958,NHL,CAR,D,Jaccob,Slavin,1994-05-01,"6' 3""",207,74,NULL,USA,"Denver, Colorado",2012,8476958,L,1,4,8,NULL
8480336,NHL,CAR,D,Sean,Walker,1994-11-13,"5' 11""",191,26,NULL,CAN,"Keswick, Ontario",NULL,8480336,R,9,59,31,NULL
8483548,NHL,CAR,G,Brandon,Bussi,1998-06-25,"6' 4""",218,32,NULL,USA,"Sound Beach, New York",NULL,8483548,R,0,0,0,0.89
8481611,NHL,CAR,G,Pyotr,Kochetkov,1999-06-25,"6' 3""",196,52,NULL,RUS,Penza,2019,8481611,L,0,0,0,0.90
8484144,NHL,CHI,C,Connor,Bedard,2005-07-17,"5' 10""",190,98,NULL,CAN,"North Vancouver, British Columbia",2023,8484144,R,30,50,75,NULL
8477479,NHL,CHI,L,Tyler,Bertuzzi,1995-02-24,"6' 2""",200,59,NULL,CAN,"Sudbury, Ontario",2013,8477479,L,32,42,58,NULL
8484793,NHL,CHI,C,Sacha,Boisvert,2006-03-17,"6' 2""",176,12,NULL,CAN,"Trois-Rivières, Quebec",2024,8484793,L,1,9,2,NULL
8477987,NHL,CHI,C,Ryan,Donato,1996-04-09,"6' 0""",190,8,NULL,USA,"Boston, Massachusetts",2014,8477987,L,15,46,30,NULL
8485391,NHL,CHI,C,Anton,Frondell,2007-05-07,"6' 1""",198,16,NULL,SWE,Trangsund,2025,8485391,L,3,4,9,NULL
8483450,NHL,CHI,C,Ryan,Greene,2003-10-21,"6' 1""",195,20,NULL,CAN,"St. John's, Newfoundland and Labrador",2022,8483450,R,12,14,29,NULL
8478413,NHL,CHI,L,Jordan,Greenway,1997-02-16,"6' 6""",231,12,NULL,USA,"Canton, New York",2015,8478413,L,1,29,6,NULL
8484185,NHL,CHI,L,Nick,Lardis,2005-07-08,"5' 11""",165,76,NULL,CAN,"Oakville, Ontario",2023,8484185,L,10,10,15,NULL
8478233,NHL,CHI,L,Andrew,Mangiapane,1996-04-04,"5' 10""",183,26,NULL,CAN,"Toronto, Ontario",2015,8478233,L,8,42,16,NULL
8484197,NHL,CHI,C,Oliver,Moore,2005-01-22,"5' 11""",188,11,NULL,USA,"Mounds View, Minnesota",2023,8484197,L,5,19,19,NULL
8483493,NHL,CHI,C,Frank,Nazar,2004-01-14,"5' 10""",190,91,NULL,USA,"Detroit, Michigan",2022,8483493,R,15,26,41,NULL
8482172,NHL,CHI,L,Landon,Slaggert,2002-06-25,"6' 0""",180,84,NULL,USA,"South Bend, Indiana",2020,8482172,L,3,16,7,NULL
8482062,NHL,CHI,L,Cole,Smith,1995-10-28,"6' 3""",195,22,NULL,USA,"Brainerd, Minnesota",NULL,8482062,L,8,40,12,NULL
8476882,NHL,CHI,C,Teuvo,Teravainen,1994-09-11,"5' 11""",191,86,NULL,FIN,Helsinki,2012,8476882,L,14,6,35,NULL
8476952,NHL,CHI,C,Dominic,Toninato,1994-03-09,"6' 2""",201,25,NULL,USA,"Duluth, Minnesota",2012,8476952,L,0,6,1,NULL
8481524,NHL,CHI,D,Bowen,Byram,2001-06-13,"6' 1""",205,4,NULL,CAN,"Cranbrook, British Columbia",2019,8481524,L,11,48,42,NULL
8474013,NHL,CHI,D,Ian,Cole,1989-02-21,"6' 1""",237,28,NULL,USA,"Ann Arbor, Michigan",2007,8474013,L,3,50,23,NULL
8482807,NHL,CHI,D,Ethan,Del Mastro,2003-01-15,"6' 4""",210,38,NULL,CAN,"Burlington, Ontario",2021,8482807,L,0,18,1,NULL
8482176,NHL,CHI,D,Wyatt,Kaiser,2002-07-31,"6' 0""",190,44,NULL,USA,"Andover, Minnesota",2020,8482176,L,6,34,17,NULL
8483466,NHL,CHI,D,Kevin,Korchinski,2004-06-21,"6' 1""",185,14,NULL,CAN,"Saskatoon, Saskatchewan",2022,8483466,L,0,4,2,NULL
8484783,NHL,CHI,D,Artyom,Levshunov,2005-10-28,"6' 2""",208,55,NULL,BLR,Zhlobin,2024,8484783,R,2,44,24,NULL
8483506,NHL,CHI,D,Sam,Rinzel,2004-06-25,"6' 4""",194,6,NULL,USA,"Chanhassen, Minnesota",2022,8483506,R,4,44,14,NULL
8481568,NHL,CHI,D,Alex,Vlasic,2001-06-05,"6' 6""",217,72,NULL,USA,"Wilmette, Illinois",2019,8481568,L,2,17,21,NULL
8481519,NHL,CHI,G,Spencer,Knight,2001-04-19,"6' 3""",191,30,NULL,USA,"Darien, Connecticut",2019,8481519,L,0,0,0,0.90
8482821,NHL,CHI,G,Arvid,Soderblom,1999-08-19,"6' 3""",180,40,NULL,SWE,Göteborg,NULL,8482821,L,0,0,0,0.89
8482947,NHL,COL,C,Zakhar,Bardakov,2001-02-24,"6' 2""",198,93,NULL,RUS,Berdsk,2021,8482947,L,1,14,10,NULL
8476994,NHL,COL,C,Vinnie,Hinostroza,1994-04-03,"5' 10""",183,24,NULL,USA,"Chicago, Illinois",2012,8476994,R,6,31,18,NULL
8475172,NHL,COL,C,Nazem,Kadri,1990-10-06,"6' 0""",185,91,NULL,CAN,"London, Ontario",2009,8475172,L,16,30,50,NULL
8480448,NHL,COL,C,Parker,Kelly,1999-05-14,"6' 1""",185,17,NULL,CAN,"Camrose, Alberta",NULL,8480448,L,21,30,35,NULL
8476455,NHL,COL,L,Gabriel,Landeskog,1992-11-23,"6' 1""",215,92,NULL,SWE,Stockholm,2011,8476455,L,14,47,35,NULL
8477476,NHL,COL,L,Artturi,Lehkonen,1995-07-04,"5' 11""",179,62,NULL,FIN,Piikkio,2013,8477476,L,21,16,48,NULL
8477492,NHL,COL,C,Nathan,MacKinnon,1995-09-01,"6' 0""",200,29,NULL,CAN,"Halifax, Nova Scotia",2013,8477492,R,53,39,127,NULL
8480039,NHL,COL,C,Martin,Necas,1999-01-15,"6' 3""",195,88,NULL,CZE,Nove Mesto na Morave,2017,8480039,R,38,30,100,NULL
8475754,NHL,COL,C,Brock,Nelson,1991-10-15,"6' 4""",205,11,NULL,USA,"Warroad, Minnesota",2010,8475754,L,33,36,65,NULL
8481186,NHL,COL,R,Logan,O'Connor,1996-08-14,"6' 0""",175,25,NULL,USA,"Missouri City, Texas",NULL,8481186,R,0,4,2,NULL
8478462,NHL,COL,C,Nicolas,Roy,1997-02-05,"6' 4""",200,10,NULL,CAN,"Amos, Quebec",2015,8478462,R,8,23,25,NULL
8475768,NHL,COL,C,Jaden,Schwartz,1992-06-25,"5' 10""",185,17,NULL,CAN,"Wilcox, Saskatchewan",2010,8475768,L,11,8,26,NULL
8482768,NHL,COL,C,Fedor,Svechkov,2003-04-05,"6' 0""",187,40,NULL,RUS,Togliatti,2021,8482768,L,4,22,17,NULL
8470613,NHL,COL,D,Brent,Burns,1985-03-09,"6' 5""",228,84,NULL,CAN,"Barrie, Ontario",2003,8470613,R,12,32,35,NULL
8478454,NHL,COL,D,Noah,Juulsen,1997-04-02,"6' 2""",201,47,NULL,CAN,"Surrey, British Columbia",2015,8478454,R,1,15,10,NULL
8476967,NHL,COL,D,Brett,Kulak,1994-01-06,"6' 1""",192,27,NULL,CAN,"Edmonton, Alberta",2012,8476967,L,1,38,12,NULL
8480069,NHL,COL,D,Cale,Makar,1998-10-30,"6' 0""",187,8,NULL,CAN,"Calgary, Alberta",2017,8480069,R,20,24,79,NULL
8484258,NHL,COL,D,Sam,Malinski,1998-07-27,"5' 11""",190,70,NULL,USA,"Lakeville, Minnesota",NULL,8484258,R,8,22,40,NULL
8476312,NHL,COL,D,Josh,Manson,1991-10-07,"6' 3""",218,42,NULL,USA,"Hinsdale, Illinois",2011,8476312,R,5,91,31,NULL
8478038,NHL,COL,D,Devon,Toews,1994-02-21,"6' 1""",191,7,NULL,CAN,"Abbotsford, British Columbia",2014,8478038,L,3,32,24,NULL
8478406,NHL,COL,G,Mackenzie,Blackwood,1996-12-09,"6' 4""",225,39,NULL,CAN,"Thunder Bay, Ontario",2015,8478406,L,0,0,0,0.91
8475809,NHL,COL,G,Scott,Wedgewood,1992-08-14,"6' 2""",201,41,NULL,CAN,"Brampton, Ontario",2010,8475809,L,0,0,0,0.91
8475745,NHL,CBJ,C,Charlie,Coyle,1992-03-02,"6' 3""",221,3,NULL,USA,"East Weymouth, Massachusetts",2010,8475745,R,20,14,58,NULL
8484166,NHL,CBJ,C,Adam,Fantilli,2004-10-12,"6' 2""",205,19,NULL,CAN,"Nobleton, Ontario",2023,8484166,L,24,38,59,NULL
8478856,NHL,CBJ,R,Conor,Garland,1996-03-11,"5' 10""",165,83,NULL,USA,"Scituate, Massachusetts",2015,8478856,R,12,34,33,NULL
8482660,NHL,CBJ,C,Kent,Johnson,2002-10-18,"6' 0""",170,91,NULL,CAN,"Port Moody, British Columbia",2021,8482660,L,7,20,22,NULL
8479066,NHL,CBJ,L,Ryan,Lomberg,1994-12-09,"5' 9""",184,94,NULL,CAN,"Richmond Hill, Ontario",NULL,8479066,L,4,59,9,NULL
8480806,NHL,CBJ,C,Isac,Lundeström,1999-11-06,"6' 1""",192,21,NULL,SWE,Gallivare,2018,8480806,L,4,4,12,NULL
8480893,NHL,CBJ,R,Kirill,Marchenko,2000-07-21,"6' 3""",201,86,NULL,RUS,Barnaul,2018,8480893,R,27,32,67,NULL
8477497,NHL,CBJ,C,Sean,Monahan,1994-10-12,"6' 2""",206,23,NULL,CAN,"Brampton, Ontario",2013,8477497,L,13,12,36,NULL
8477501,NHL,CBJ,R,Valeri,Nichushkin,1995-03-04,"6' 4""",210,43,NULL,RUS,Chelyabinsk,2013,8477501,L,17,26,49,NULL
8479671,NHL,CBJ,R,Mathieu,Olivier,1997-02-11,"6' 1""",232,24,NULL,USA,"Biloxi, Mississippi",NULL,8479671,R,15,101,26,NULL
8482705,NHL,CBJ,C,Cole,Sillinger,2003-05-16,"6' 0""",202,4,NULL,USA,"Columbus, Ohio",2021,8482705,L,8,37,33,NULL
8481716,NHL,CBJ,L,Dmitri,Voronkov,2000-09-10,"6' 5""",234,10,NULL,RUS,Angarsk,2019,8481716,L,17,59,32,NULL
8477425,NHL,CBJ,L,Miles,Wood,1995-09-13,"6' 2""",209,11,NULL,USA,"Buffalo, New York",2013,8477425,L,8,26,14,NULL
8481161,NHL,CBJ,D,Jake,Christiansen,1999-09-12,"6' 0""",199,2,NULL,CAN,"West Vancouver, British Columbia",NULL,8481161,L,0,8,3,NULL
8479371,NHL,CBJ,D,Dante,Fabbro,1998-06-20,"6' 0""",200,15,NULL,CAN,"Coquitlam, British Columbia",2016,8479371,R,5,33,11,NULL
8475790,NHL,CBJ,D,Erik,Gudbranson,1992-01-07,"6' 5""",222,44,NULL,CAN,"Ottawa, Ontario",2010,8475790,R,1,19,3,NULL
8483485,NHL,CBJ,D,Denton,Mateychuk,2004-07-12,"5' 11""",188,5,NULL,CAN,"Winnipeg, Manitoba",2022,8483485,L,13,8,31,NULL
8478500,NHL,CBJ,D,Ivan,Provorov,1997-01-13,"6' 1""",224,9,NULL,RUS,Yaroslavl,2015,8478500,L,9,32,31,NULL
8476923,NHL,CBJ,D,Damon,Severson,1994-08-07,"6' 2""",204,78,NULL,CAN,"Melville, Saskatchewan",2012,8476923,R,8,45,32,NULL
8478460,NHL,CBJ,D,Zach,Werenski,1997-07-19,"6' 2""",214,8,NULL,USA,"Grosse Pointe, Michigan",2015,8478460,L,22,18,81,NULL
8482982,NHL,CBJ,G,Jet,Greaves,2001-03-30,"6' 0""",188,73,NULL,CAN,"Cambridge, Ontario",NULL,8482982,L,0,0,0,0.91
8478007,NHL,CBJ,G,Elvis,Merzlikins,1994-04-13,"6' 3""",190,90,NULL,LVA,Riga,2014,8478007,L,0,0,0,0.90
8473994,NHL,DAL,L,Jamie,Benn,1989-07-18,"6' 3""",210,14,NULL,CAN,"Victoria, British Columbia",2007,8473994,L,15,53,36,NULL
8476278,NHL,DAL,C,Colin,Blackwell,1993-03-28,"5' 8""",181,15,NULL,USA,"North Andover, Massachusetts",2011,8476278,R,4,40,15,NULL
8480840,NHL,DAL,C,Oskar,Bäck,2000-03-12,"6' 4""",207,10,NULL,SWE,Karlstad,2018,8480840,L,5,10,12,NULL
8475168,NHL,DAL,C,Matt,Duchene,1991-01-16,"5' 11""",211,95,NULL,CAN,"Haliburton, Ontario",2009,8475168,L,16,8,45,NULL
8476889,NHL,DAL,C,Radek,Faksa,1994-01-09,"6' 3""",216,12,NULL,CZE,Vitkov,2012,8476889,L,2,18,17,NULL
8478449,NHL,DAL,C,Roope,Hintz,1996-11-17,"6' 3""",217,24,NULL,FIN,Nokia,2015,8478449,L,15,18,44,NULL
8484829,NHL,DAL,C,Justin,Hryckowian,2001-02-23,"5' 11""",198,49,NULL,CAN,"L'Ile-Bizard, Quebec",NULL,8484829,L,14,43,30,NULL
8484938,NHL,DAL,R,Arttu,Hyry,2001-04-06,"6' 3""",211,25,NULL,FIN,Oulu,NULL,8484938,R,3,2,5,NULL
8482740,NHL,DAL,C,Wyatt,Johnston,2003-05-14,"6' 1""",187,53,NULL,CAN,"Toronto, Ontario",2021,8482740,R,45,32,86,NULL
8481641,NHL,DAL,L,Joel,Kiviranta,1996-03-23,"5' 11""",185,25,NULL,FIN,Vantaa,NULL,8481641,L,3,8,9,NULL
8478420,NHL,DAL,R,Mikko,Rantanen,1996-10-29,"6' 4""",228,96,NULL,FIN,Nousiainen,2015,8478420,L,22,93,77,NULL
8480027,NHL,DAL,L,Jason,Robertson,1999-07-22,"6' 3""",204,21,NULL,USA,"Arcadia, California",2017,8480027,L,45,32,96,NULL
8475794,NHL,DAL,C,Tyler,Seguin,1992-01-31,"6' 2""",205,91,NULL,CAN,"Brampton, Ontario",2010,8475794,R,7,2,17,NULL
8479351,NHL,DAL,C,Sam,Steel,1998-02-03,"6' 0""",185,18,NULL,CAN,"Ardrossan, Alberta",2016,8479351,L,12,24,33,NULL
8483425,NHL,DAL,D,Lian,Bichsel,2004-05-18,"6' 7""",237,6,NULL,CHE,Olten,2022,8483425,L,4,37,8,NULL
8478476,NHL,DAL,D,Kyle,Capobianco,1997-08-13,"6' 3""",194,20,NULL,CAN,"Mississauga, Ontario",2015,8478476,L,2,8,5,NULL
8481581,NHL,DAL,D,Thomas,Harley,2001-08-19,"6' 3""",214,55,NULL,USA,"Syracuse, New York",2019,8481581,L,6,26,36,NULL
8480036,NHL,DAL,D,Miro,Heiskanen,1999-07-18,"6' 2""",197,4,NULL,FIN,Espoo,2017,8480036,L,9,30,63,NULL
8476902,NHL,DAL,D,Esa,Lindell,1994-05-23,"6' 3""",217,23,NULL,FIN,Vantaa,2012,8476902,L,6,20,32,NULL
8480878,NHL,DAL,D,Nils,Lundkvist,2000-07-27,"6' 1""",194,5,NULL,SWE,Pitea,2018,8480878,R,3,16,11,NULL
8474574,NHL,DAL,D,Tyler,Myers,1990-02-01,"6' 8""",229,57,NULL,USA,"Houston, Texas",2008,8474574,R,1,52,11,NULL
8479193,NHL,DAL,G,Casey,DeSmith,1991-08-13,"6' 0""",188,1,NULL,USA,"Rochester, New Hampshire",NULL,8479193,L,0,0,0,0.91
8479979,NHL,DAL,G,Jake,Oettinger,1998-12-18,"6' 6""",225,29,NULL,USA,"Lakeville, Minnesota",2017,8479979,L,0,0,0,0.91
8478891,NHL,DET,C,Mason,Appleton,1996-01-15,"6' 2""",196,22,NULL,USA,"Green Bay, Wisconsin",2015,8478891,R,6,44,14,NULL
8478042,NHL,DET,L,Viktor,Arvidsson,1993-04-08,"5' 10""",181,71,NULL,SWE,Skelleftea,2014,8478042,R,25,24,54,NULL
8477456,NHL,DET,L,J.T.,Compher,1995-04-08,"6' 0""",191,37,NULL,USA,"Northbrook, Illinois",2013,8477456,R,11,27,28,NULL
8477429,NHL,DET,C,Andrew,Copp,1994-07-08,"6' 1""",200,18,NULL,USA,"Ann Arbor, Michigan",2013,8477429,L,9,24,43,NULL
8479337,NHL,DET,R,Alex,DeBrincat,1997-12-18,"5' 8""",180,93,NULL,USA,"Farmington Hills, Michigan",2016,8479337,R,41,19,85,NULL
8484471,NHL,DET,C,Emmitt,Finnie,2005-06-27,"6' 1""",195,58,NULL,CAN,"Lethbridge, Alberta",2023,8484471,L,13,6,30,NULL
8483464,NHL,DET,C,Marco,Kasper,2004-04-08,"6' 1""",202,92,NULL,AUT,Innsbruck,2022,8483464,L,9,33,19,NULL
8478434,NHL,DET,R,Keegan,Kolesar,1997-04-08,"6' 2""",216,55,NULL,CAN,"Brandon, Manitoba",2015,8478434,R,6,55,17,NULL
8477946,NHL,DET,C,Dylan,Larkin,1996-07-30,"6' 1""",204,71,NULL,USA,"Waterford, Michigan",2014,8477946,L,34,48,67,NULL
8479992,NHL,DET,C,Michael,Rasmussen,1999-04-17,"6' 6""",222,27,NULL,CAN,"Surrey, British Columbia",2017,8479992,L,6,8,14,NULL
8482078,NHL,DET,L,Lucas,Raymond,2002-03-28,"5' 11""",186,23,NULL,SWE,Gothenburg,2020,8482078,R,25,22,76,NULL
8480879,NHL,DET,D,Jacob,Bernard-Docker,2000-06-30,"6' 1""",196,25,NULL,CAN,"Canmore, Alberta",2018,8480879,R,1,25,5,NULL
8480196,NHL,DET,D,Jacob,Bryson,1997-11-18,"5' 9""",177,78,NULL,CAN,"London, Ontario",2017,8480196,L,2,10,8,NULL
8475279,NHL,DET,D,Ben,Chiarot,1991-05-09,"6' 3""",222,8,NULL,CAN,"Hamilton, Ontario",2009,8475279,L,5,75,15,NULL
8482762,NHL,DET,D,Simon,Edvinsson,2003-02-05,"6' 6""",222,77,NULL,SWE,Kungsbacka,2021,8482762,L,9,75,25,NULL
8475753,NHL,DET,D,Justin,Faulk,1992-03-20,"6' 0""",208,72,NULL,USA,"South St. Paul, Minnesota",2010,8475753,R,16,42,40,NULL
8481607,NHL,DET,D,Albert,Johansson,2001-01-04,"6' 0""",195,20,NULL,SWE,Karlstad,2019,8481607,L,3,16,11,NULL
8481542,NHL,DET,D,Moritz,Seider,2001-04-06,"6' 2""",210,53,NULL,DEU,Zell,2019,8481542,R,10,57,60,NULL
8476434,NHL,DET,G,John,Gibson,1993-07-14,"6' 3""",209,36,NULL,USA,"Pittsburgh, Pennsylvania",2011,8476434,L,0,0,0,0.91
8480193,NHL,DET,G,Daniil,Tarasov,1999-03-27,"6' 5""",203,40,NULL,RUS,Novokuznetsk,2017,8480193,L,0,0,0,0.90
8482703,NHL,EDM,C,Colton,Dach,2003-01-04,"6' 4""",218,34,NULL,CAN,"St. Albert, Alberta",2021,8482703,L,5,52,13,NULL
8477450,NHL,EDM,C,Jason,Dickinson,1995-07-04,"6' 2""",200,16,NULL,CAN,"Georgetown, Ontario",2013,8477450,L,7,20,17,NULL
8477934,NHL,EDM,C,Leon,Draisaitl,1995-10-27,"6' 2""",209,29,NULL,DEU,Cologne,2014,8477934,L,35,26,97,NULL
8479365,NHL,EDM,C,Trent,Frederic,1998-02-11,"6' 3""",221,10,NULL,USA,"St. Louis, Missouri",2016,8479365,L,4,58,7,NULL
8475786,NHL,EDM,L,Zach,Hyman,1992-06-09,"6' 1""",206,18,NULL,CAN,"Toronto, Ontario",2010,8475786,R,31,28,52,NULL
8477406,NHL,EDM,C,Mattias,Janmark,1992-12-08,"6' 2""",205,13,NULL,SWE,Danderyd,2013,8477406,L,1,22,8,NULL
8479368,NHL,EDM,L,Max,Jones,1998-02-17,"6' 3""",216,46,NULL,USA,"Rochester, Michigan",2016,8479368,L,3,9,5,NULL
8478472,NHL,EDM,R,Mathieu,Joseph,1997-02-09,"6' 1""",189,21,NULL,CAN,"Laval, Quebec",2015,8478472,L,2,9,11,NULL
8477953,NHL,EDM,R,Kasperi,Kapanen,1996-07-23,"6' 1""",194,42,NULL,FIN,Kuopio,2014,8477953,R,8,14,17,NULL
8478402,NHL,EDM,C,Connor,McDavid,1997-01-13,"6' 1""",194,97,NULL,CAN,"Richmond Hill, Ontario",2015,8478402,L,48,44,138,NULL
8476454,NHL,EDM,C,Ryan,Nugent-Hopkins,1993-04-12,"6' 1""",192,93,NULL,CAN,"Burnaby, British Columbia",2011,8476454,L,20,21,56,NULL
8481617,NHL,EDM,R,Vasily,Podkolzin,2001-06-24,"6' 1""",190,92,NULL,RUS,Moscow,2019,8481617,L,19,63,37,NULL
8484509,NHL,EDM,C,Josh,Samanski,2002-03-22,"6' 2""",195,81,NULL,DEU,Erding,NULL,8484509,L,2,6,4,NULL
8483512,NHL,EDM,C,Matt,Savoie,2004-01-01,"5' 10""",179,22,NULL,CAN,"St. Albert, Alberta",2022,8483512,R,18,24,37,NULL
8480803,NHL,EDM,D,Evan,Bouchard,1999-10-20,"6' 3""",192,2,NULL,CAN,"Oakville, Ontario",2018,8480803,R,21,30,95,NULL
8475218,NHL,EDM,D,Mattias,Ekholm,1990-05-24,"6' 5""",225,14,NULL,SWE,Borlange,2009,8475218,L,6,30,41,NULL
8480834,NHL,EDM,D,Ty,Emberson,2000-05-23,"6' 0""",193,49,NULL,USA,"Eau Claire, Wisconsin",2018,8480834,R,2,23,12,NULL
8482166,NHL,EDM,D,Shakir,Mukhamadullin,2002-01-10,"6' 4""",200,85,NULL,RUS,Ufa,2020,8482166,L,5,22,12,NULL
8476473,NHL,EDM,D,Connor,Murphy,1993-03-26,"6' 4""",212,5,NULL,USA,"Boston, Massachusetts",2011,8476473,R,5,71,17,NULL
8478854,NHL,EDM,D,Ryan,Shea,1997-02-11,"6' 1""",200,6,NULL,USA,"Milton, Massachusetts",2015,8478854,L,6,22,35,NULL
8478013,NHL,EDM,D,Jake,Walman,1996-02-20,"6' 1""",218,96,NULL,CAN,"Toronto, Ontario",2014,8478013,L,8,10,20,NULL
8475883,NHL,EDM,G,Frederik,Andersen,1989-10-02,"6' 4""",229,30,NULL,DNK,Herning,2012,8475883,L,0,0,0,0.91
8477465,NHL,EDM,G,Tristan,Jarry,1995-04-29,"6' 4""",201,35,NULL,CAN,"Surrey, British Columbia",2013,8477465,L,0,0,0,0.91
8482221,NHL,EDM,G,Devon,Levi,2001-12-27,"6' 0""",192,27,NULL,CAN,"Dollard-des-Ormeaux, Quebec",2020,8482221,L,0,0,0,0.89
8477493,NHL,FLA,C,Aleksander,Barkov,1995-09-02,"6' 3""",214,16,NULL,FIN,Tampere,2013,8477493,L,20,16,71,NULL
8481556,NHL,FLA,C,John,Beecher,2001-04-05,"6' 3""",220,17,NULL,USA,"Elmira, New York",2019,8481556,L,3,31,7,NULL
8477935,NHL,FLA,C,Sam,Bennett,1996-06-20,"6' 1""",193,9,NULL,CAN,"Holland Landing, Ontario",2014,8477935,L,26,82,58,NULL
8474189,NHL,FLA,C,Lars,Eller,1989-05-08,"6' 2""",207,20,NULL,DNK,Rodovre,2007,8474189,L,5,12,15,NULL
8479981,NHL,FLA,L,Jonah,Gadjovich,1998-10-12,"6' 3""",211,12,NULL,CAN,"Whitby, Ontario",2017,8479981,L,0,7,3,NULL
8477903,NHL,FLA,R,Garnet,Hathaway,1991-11-23,"6' 2""",212,21,NULL,USA,"Naples, Florida",NULL,8477903,R,1,59,3,NULL
8478043,NHL,FLA,C,Sam,Lafferty,1995-03-06,"6' 2""",205,18,NULL,USA,"Hollidaysburg, Pennsylvania",2014,8478043,R,1,14,2,NULL
8482113,NHL,FLA,C,Anton,Lundell,2001-10-03,"6' 1""",196,15,NULL,FIN,Espoo,2020,8482113,L,18,34,44,NULL
8480185,NHL,FLA,C,Eetu,Luostarinen,1998-09-02,"6' 3""",191,27,NULL,FIN,Siilinjarvi,2017,8480185,L,11,32,33,NULL
8473419,NHL,FLA,L,Brad,Marchand,1988-05-11,"5' 9""",180,63,NULL,CAN,"Halifax, Nova Scotia",2006,8473419,L,27,38,54,NULL
8481133,NHL,FLA,L,Cole,Reinhardt,2000-02-01,"6' 1""",207,29,NULL,CAN,"Calgary, Alberta",2020,8481133,L,9,21,15,NULL
8477933,NHL,FLA,C,Sam,Reinhart,1995-11-06,"6' 1""",196,13,NULL,CAN,"West Vancouver, British Columbia",2014,8477933,R,29,10,61,NULL
8481655,NHL,FLA,C,Cole,Schwindt,2001-04-25,"6' 3""",210,79,NULL,CAN,"Kitchener, Ontario",2019,8481655,R,5,2,7,NULL
8480801,NHL,FLA,L,Brady,Tkachuk,1999-09-16,"6' 4""",226,8,NULL,USA,"Scottsdale, Arizona",2018,8480801,L,22,71,59,NULL
8479314,NHL,FLA,L,Matthew,Tkachuk,1997-12-11,"6' 2""",202,19,NULL,USA,"Scottsdale, Arizona",2016,8479314,L,13,48,34,NULL
8477409,NHL,FLA,C,Carter,Verhaeghe,1995-08-14,"6' 2""",183,23,NULL,CAN,"Toronto, Ontario",2013,8477409,L,25,32,55,NULL
8484304,NHL,FLA,D,Uvis,Balinskis,1996-08-01,"6' 0""",196,26,NULL,LVA,Ventspils,NULL,8484304,L,5,30,15,NULL
8477932,NHL,FLA,D,Aaron,Ekblad,1996-02-07,"6' 4""",220,5,NULL,CAN,"Windsor, Ontario",2014,8477932,R,4,55,26,NULL
8478055,NHL,FLA,D,Gustav,Forsling,1996-06-12,"6' 1""",199,42,NULL,SWE,Linkoping,2014,8478055,L,2,51,28,NULL
8475462,NHL,FLA,D,Radko,Gudas,1990-06-05,"6' 0""",208,6,NULL,CZE,Prague,2010,8475462,R,2,67,13,NULL
8477495,NHL,FLA,D,Seth,Jones,1994-10-03,"6' 4""",213,3,NULL,USA,"Arlington, Texas",2013,8477495,R,7,18,32,NULL
8475179,NHL,FLA,D,Dmitry,Kulikov,1990-10-29,"6' 1""",212,7,NULL,RUS,Lipetsk,2009,8475179,L,0,10,0,NULL
8478859,NHL,FLA,D,Niko,Mikkola,1996-04-27,"6' 6""",204,77,NULL,FIN,Kiiminki,2015,8478859,L,3,47,11,NULL
8475755,NHL,FLA,D,Alexander,Petrovic,1992-03-03,"6' 5""",215,36,NULL,CAN,"Edmonton, Alberta",2010,8475755,R,2,47,10,NULL
8482131,NHL,FLA,D,Donovan,Sebrango,2002-01-12,"6' 2""",223,73,NULL,CAN,"Ottawa, Ontario",2020,8482131,L,0,68,8,NULL
8474593,NHL,FLA,G,Jacob,Markstrom,1990-01-31,"6' 6""",207,25,NULL,SWE,Gavle,2008,8474593,L,0,0,0,0.91
8481033,NHL,FLA,G,Akira,Schmid,2000-05-12,"6' 5""",190,40,NULL,CHE,Bern,2018,8481033,L,0,0,0,0.90
8476469,NHL,LAK,R,Joel,Armia,1993-05-31,"6' 3""",215,40,NULL,FIN,Pori,2011,8476469,R,13,30,25,NULL
8482124,NHL,LAK,R,Quinton,Byfield,2002-08-19,"6' 5""",230,55,NULL,CAN,"Newmarket, Ontario",2020,8482124,L,24,46,49,NULL
8477942,NHL,LAK,L,Kevin,Fiala,1996-07-22,"6' 0""",205,22,NULL,CHE,St. Gallen,2014,8477942,L,18,34,40,NULL
8475287,NHL,LAK,L,Erik,Haula,1991-03-23,"5' 11""",191,56,NULL,FIN,Pori,2009,8475287,L,14,64,38,NULL
8482726,NHL,LAK,C,Samuel,Helenius,2002-11-26,"6' 6""",225,79,NULL,USA,"Dallas, Texas",2021,8482726,L,5,50,9,NULL
8477960,NHL,LAK,R,Adrian,Kempe,1996-09-13,"6' 2""",205,9,NULL,SWE,Kramfors,2014,8477960,L,36,58,73,NULL
8482155,NHL,LAK,R,Alex,Laferriere,2001-10-28,"6' 1""",205,14,NULL,USA,"Chatham, New Jersey",2020,8482155,R,21,18,44,NULL
8476872,NHL,LAK,C,Scott,Laughton,1994-05-30,"6' 1""",190,21,NULL,CAN,"Oakville, Ontario",2012,8476872,L,13,31,20,NULL
8479675,NHL,LAK,L,Trevor,Moore,1995-03-31,"5' 11""",195,12,NULL,USA,"Thousand Oaks, California",NULL,8479675,L,13,8,32,NULL
8478550,NHL,LAK,L,Artemi,Panarin,1991-10-30,"6' 0""",176,10,NULL,RUS,Korkino,NULL,8478550,R,28,20,84,NULL
8470621,NHL,LAK,R,Corey,Perry,1985-05-16,"6' 3""",210,NULL,NULL,CAN,"Peterborough, Ontario",2003,8470621,R,17,81,37,NULL
8481532,NHL,LAK,C,Alex,Turcotte,2001-02-26,"5' 11""",195,15,NULL,USA,"Elk Grove, Illinois",2019,8481532,L,3,21,14,NULL
8483406,NHL,LAK,R,Taylor,Ward,1998-03-31,"6' 2""",215,52,NULL,CAN,"Kelowna, British Columbia",NULL,8483406,R,3,7,7,NULL
8475692,NHL,LAK,C,Mats,Zuccarello,1987-09-01,"5' 8""",181,36,NULL,NOR,Oslo,NULL,8475692,L,15,20,54,NULL
8479998,NHL,LAK,D,Mikey,Anderson,1999-05-25,"6' 0""",195,44,NULL,USA,"Roseville, Minnesota",2017,8479998,L,4,22,20,NULL
8476879,NHL,LAK,D,Cody,Ceci,1993-12-21,"6' 3""",210,5,NULL,CAN,"Ottawa, Ontario",2012,8476879,R,1,16,9,NULL
8482730,NHL,LAK,D,Brandt,Clarke,2003-02-09,"6' 2""",200,92,NULL,CAN,"Nepean, Ontario",2021,8482730,R,8,63,40,NULL
8474563,NHL,LAK,D,Drew,Doughty,1989-12-08,"6' 1""",210,8,NULL,CAN,"London, Ontario",2008,8474563,R,5,40,23,NULL
8475208,NHL,LAK,D,Brian,Dumoulin,1991-09-06,"6' 4""",215,2,NULL,USA,"Biddeford, Maine",2009,8475208,L,2,22,17,NULL
8476441,NHL,LAK,D,Joel,Edmundson,1993-06-28,"6' 5""",220,6,NULL,CAN,"Brandon, Manitoba",2011,8476441,L,2,25,23,NULL
8476979,NHL,LAK,D,Erik,Gustafsson,1992-03-14,"6' 0""",190,NULL,NULL,SWE,Nynashamn,2012,8476979,L,0,2,0,NULL
8481059,NHL,LAK,D,Scott,Perunovich,1998-08-18,"5' 10""",175,48,NULL,USA,"Hibbing, Minnesota",2018,8481059,L,2,10,9,NULL
8476341,NHL,LAK,G,Anton,Forsberg,1992-11-27,"6' 3""",200,31,NULL,SWE,Härnösand,2011,8476341,L,0,0,0,0.91
8475311,NHL,LAK,G,Darcy,Kuemper,1990-05-05,"6' 5""",215,35,NULL,CAN,"Saskatoon, Saskatchewan",2009,8475311,L,0,0,0,0.91
8481557,NHL,MIN,L,Matt,Boldy,2001-04-05,"6' 2""",201,12,NULL,USA,"Milford, Massachusetts",2019,8481557,L,42,30,85,NULL
8481553,NHL,MIN,R,Bobby,Brink,2001-07-08,"5' 8""",169,10,NULL,USA,"Minnetonka, Minnesota",2019,8481553,R,15,24,30,NULL
8476399,NHL,MIN,L,Blake,Coleman,1991-11-28,"5' 11""",199,20,NULL,USA,"Plano, Texas",2011,8476399,L,20,49,35,NULL
8478493,NHL,MIN,C,Joel,Eriksson Ek,1997-01-29,"6' 3""",207,14,NULL,SWE,Karlstad,2015,8478493,L,19,32,51,NULL
8475220,NHL,MIN,L,Marcus,Foligno,1991-08-10,"6' 3""",226,17,NULL,USA,"Buffalo, New York",2009,8475220,L,8,67,13,NULL
8473422,NHL,MIN,L,Nick,Foligno,1987-10-31,"6' 0""",210,71,NULL,USA,"Buffalo, New York",2006,8473422,L,4,44,15,NULL
8483452,NHL,MIN,C,Hunter,Haight,2004-04-04,"5' 10""",173,37,NULL,CAN,"Strathroy, Ontario",2022,8483452,R,1,4,2,NULL
8477451,NHL,MIN,R,Ryan,Hartman,1994-09-20,"6' 0""",197,38,NULL,USA,"Hilton Head Island, South Carolina",2013,8477451,R,23,48,43,NULL
8478864,NHL,MIN,L,Kirill,Kaprizov,1997-04-26,"5' 10""",202,97,NULL,RUS,Novokuznetsk,2015,8478864,L,45,28,89,NULL
8477446,NHL,MIN,C,Michael,McCarron,1995-03-07,"6' 6""",232,47,NULL,USA,"Grosse Pointe, Michigan",2013,8477446,R,8,93,17,NULL
8485702,NHL,MIN,R,Maksim,Shabanov,2000-10-07,"5' 9""",167,49,NULL,RUS,Chelyabinsk,NULL,8485702,L,5,2,18,NULL
8481477,NHL,MIN,C,Nico,Sturm,1995-05-03,"6' 3""",209,78,NULL,DEU,Augsburg,NULL,8481477,L,5,16,11,NULL
8478508,NHL,MIN,C,Yakov,Trenin,1997-01-13,"6' 2""",201,13,NULL,RUS,Chelyabinsk,2015,8478508,L,6,38,23,NULL
8483525,NHL,MIN,R,Danila,Yurov,2003-12-22,"6' 1""",178,22,NULL,RUS,Chelyabinsk,2022,8483525,L,12,28,27,NULL
8474567,NHL,MIN,D,Zach,Bogosian,1990-07-15,"6' 3""",231,24,NULL,USA,"Massena, New York",2008,8474567,R,2,18,6,NULL
8476463,NHL,MIN,D,Jonas,Brodin,1993-07-12,"6' 2""",196,25,NULL,SWE,Karlstad,2011,8476463,L,4,16,18,NULL
8482122,NHL,MIN,D,Brock,Faber,2002-08-22,"6' 1""",200,7,NULL,USA,"Maple Grove, Minnesota",2020,8482122,R,15,39,51,NULL
8486166,NHL,MIN,D,Viking,Gustafsson Nyberg,2003-09-21,"6' 6""",225,6,NULL,SWE,Stockholm,NULL,8486166,L,0,0,0,NULL
8480800,NHL,MIN,D,Quinn,Hughes,1999-10-14,"5' 10""",180,43,NULL,USA,"Orlando, Florida",2018,8480800,L,7,32,76,NULL
8482094,NHL,MIN,D,Daemon,Hunt,2002-05-15,"6' 1""",193,48,NULL,CAN,"Brandon, Manitoba",2020,8482094,L,0,6,6,NULL
8482641,NHL,MIN,D,Matt,Kiersted,1998-04-14,"6' 0""",182,26,NULL,USA,"Elk River, Minnesota",NULL,8482641,L,0,0,1,NULL
8482781,NHL,MIN,D,Carson,Lambos,2003-01-14,"6' 1""",197,28,NULL,CAN,"Winnipeg, Manitoba",2021,8482781,L,0,0,0,NULL
8476874,NHL,MIN,D,Olli,Maatta,1994-08-22,"6' 2""",207,3,NULL,FIN,Jyväskylä,2012,8476874,L,2,4,15,NULL
8483766,NHL,MIN,D,David,Spacek,2003-02-18,"6' 0""",174,82,NULL,USA,"Columbus, Ohio",2022,8483766,R,0,0,0,NULL
8474716,NHL,MIN,D,Jared,Spurgeon,1989-11-29,"5' 9""",166,46,NULL,CAN,"Edmonton, Alberta",2008,8474716,R,6,14,22,NULL
8479406,NHL,MIN,G,Filip,Gustavsson,1998-06-07,"6' 2""",184,32,NULL,SWE,Skelleftea,2016,8479406,L,0,0,0,0.91
8483918,NHL,MIN,G,Riley,Mercer,2004-03-31,"6' 1""",200,50,NULL,CAN,"Bay Roberts, Newfoundland and Labrador",NULL,8483918,L,0,0,0,NULL
8475717,NHL,MIN,G,Calvin,Pickard,1992-04-15,"6' 1""",206,31,NULL,CAN,"Moncton, New Brunswick",2010,8475717,L,0,0,0,0.90
8482661,NHL,MIN,G,Jesper,Wallstedt,2002-11-14,"6' 3""",214,30,NULL,SWE,Vasteras,2021,8482661,L,0,0,0,0.91
8485037,NHL,MIN,G,Chase,Wutzke,2006-07-26,"6' 2""",158,95,NULL,CAN,"Debden, Saskatchewan",2024,8485037,L,0,0,0,NULL
8476981,NHL,MTL,R,Josh,Anderson,1994-05-07,"6' 3""",226,17,NULL,CAN,"Burlington, Ontario",2012,8476981,R,14,90,23,NULL
8483424,NHL,MTL,C,Owen,Beck,2004-02-03,"6' 0""",199,62,NULL,CAN,"Port Hope, Ontario",2022,8483424,R,1,6,1,NULL
8482737,NHL,MTL,R,Zachary,Bolduc,2003-02-24,"6' 0""",187,76,NULL,CAN,"Trois-Rivières, Quebec",2021,8482737,L,12,28,30,NULL
8481540,NHL,MTL,R,Cole,Caufield,2001-01-02,"5' 8""",175,13,NULL,USA,"Mosinee, Wisconsin",2019,8481540,R,51,14,88,NULL
8481523,NHL,MTL,C,Kirby,Dach,2001-01-21,"6' 4""",221,77,NULL,CAN,"Fort Saskatchewan, Alberta",2019,8481523,R,8,31,15,NULL
8476479,NHL,MTL,C,Phillip,Danault,1993-02-24,"6' 1""",200,24,NULL,CAN,"Victoriaville, Quebec",2011,8476479,L,6,26,17,NULL
8484984,NHL,MTL,R,Ivan,Demidov,2005-12-10,"6' 1""",192,93,NULL,RUS,Sergiyev Posad,2024,8484984,L,19,34,62,NULL
8478133,NHL,MTL,C,Jake,Evans,1996-06-02,"6' 0""",190,71,NULL,CAN,"Toronto, Ontario",2014,8478133,R,12,28,24,NULL
8482775,NHL,MTL,C,Oliver,Kapanen,2003-07-29,"6' 2""",194,91,NULL,SWE,Timra,2021,8482775,R,22,22,37,NULL
8481618,NHL,MTL,C,Alex,Newhook,2001-01-28,"5' 11""",200,15,NULL,CAN,"St. John's, Newfoundland and Labrador",2019,8481618,L,13,10,25,NULL
8483515,NHL,MTL,L,Juraj,Slafkovský,2004-03-30,"6' 3""",225,20,NULL,SVK,Kosice,2022,8483515,L,30,52,73,NULL
8480018,NHL,MTL,C,Nick,Suzuki,1999-08-10,"5' 11""",207,14,NULL,CAN,"London, Ontario",2017,8480018,R,29,28,101,NULL
8480074,NHL,MTL,L,Alexandre,Texier,1999-09-13,"6' 1""",196,85,NULL,FRA,Saint-Martin-d'Hères,2017,8480074,L,8,26,21,NULL
8484403,NHL,MTL,L,Florian,Xhekaj,2004-06-27,"6' 3""",195,63,NULL,CAN,"Hamilton, Ontario",2023,8484403,L,0,7,1,NULL
8478851,NHL,MTL,D,Alexandre,Carrier,1996-10-08,"5' 11""",174,45,NULL,CAN,"Quebec City, Quebec",2015,8478851,R,7,34,22,NULL
8480865,NHL,MTL,D,Noah,Dobson,2000-01-07,"6' 4""",200,53,NULL,CAN,"Summerside, Prince Edward Island",2018,8480865,R,12,34,47,NULL
8483686,NHL,MTL,D,Adam,Engstrom,2003-11-17,"6' 2""",193,42,NULL,SWE,Jarna,2022,8483686,L,0,8,1,NULL
8482087,NHL,MTL,D,Kaiden,Guhle,2002-01-18,"6' 3""",202,21,NULL,CAN,"Edmonton, Alberta",2020,8482087,L,2,41,11,NULL
8483457,NHL,MTL,D,Lane,Hutson,2004-02-14,"5' 9""",162,48,NULL,USA,"Holland, Michigan",2022,8483457,L,12,34,78,NULL
8476875,NHL,MTL,D,Mike,Matheson,1994-02-27,"6' 2""",196,8,NULL,CAN,"Pointe-Claire, Quebec",2012,8476875,L,7,34,37,NULL
8484220,NHL,MTL,D,David,Reinbacher,2004-10-25,"6' 3""",207,64,NULL,AUT,Hohenems,2023,8484220,R,0,0,1,NULL
8481593,NHL,MTL,D,Jayden,Struble,2001-09-08,"6' 0""",207,47,NULL,USA,"Cumberland, Rhode Island",2019,8481593,L,2,58,12,NULL
8483763,NHL,MTL,D,Maksymilian,Szuber,2002-08-25,"6' 3""",215,55,NULL,POL,Opole,2022,8483763,L,0,2,0,NULL
8482964,NHL,MTL,D,Arber,Xhekaj,2001-01-30,"6' 4""",240,72,NULL,CAN,"Hamilton, Ontario",NULL,8482964,L,1,116,4,NULL
8482487,NHL,MTL,G,Jakub,Dobes,2001-05-27,"6' 4""",215,75,NULL,CZE,Ostrava,2020,8482487,L,0,0,0,0.90
8484170,NHL,MTL,G,Jacob,Fowler,2004-11-24,"6' 1""",223,32,NULL,USA,"Melbourne, Florida",2023,8484170,L,0,0,0,0.91
8478470,NHL,MTL,G,Samuel,Montembeault,1996-10-30,"6' 3""",218,35,NULL,CAN,"Becancour, Quebec",2015,8478470,L,0,0,0,0.90
8482145,NHL,NSH,C,Mavrik,Bourque,2002-01-08,"5' 11""",187,22,NULL,CAN,"Plessisville, Quebec",2020,8482145,R,20,22,41,NULL
8479525,NHL,NSH,C,Ross,Colton,1996-09-11,"6' 0""",194,20,NULL,USA,"Robbinsville, New Jersey",2016,8479525,L,9,13,24,NULL
8480835,NHL,NSH,C,Jack,Drury,2000-02-03,"5' 11""",186,18,NULL,USA,"New York, New York",2018,8480835,L,10,31,27,NULL
8481726,NHL,NSH,C,Adam,Edstrom,2000-10-12,"6' 7""",232,84,NULL,SWE,Karlstad,2019,8481726,L,3,2,5,NULL
8482146,NHL,NSH,R,Luke,Evangelista,2002-02-21,"6' 0""",183,77,NULL,CAN,"Toronto, Ontario",2020,8482146,R,12,28,56,NULL
8484494,NHL,NSH,R,Aiden,Fink,2004-11-24,"5' 10""",165,18,NULL,CAN,"Calgary, Alberta",2023,8484494,R,NULL,NULL,NULL,NULL
8476887,NHL,NSH,L,Filip,Forsberg,1994-08-13,"6' 1""",205,9,NULL,SWE,Ostervala,2012,8476887,R,40,34,75,NULL
8481535,NHL,NSH,L,Nils,Hoglander,2000-12-20,"5' 9""",185,21,NULL,SWE,Bockträsk,2019,8481535,L,2,8,5,NULL
8477021,NHL,NSH,C,Alexander,Kerfoot,1994-08-11,"5' 11""",185,15,NULL,CAN,"Vancouver, British Columbia",2012,8477021,L,7,23,13,NULL
8476539,NHL,NSH,C,Jonathan,Marchessault,1990-12-27,"5' 9""",185,81,NULL,CAN,"Cap-Rouge, Quebec",NULL,8476539,R,12,30,31,NULL
8475158,NHL,NSH,C,Ryan,O'Reilly,1991-02-07,"6' 1""",207,90,NULL,CAN,"Clinton, Ontario",2009,8475158,L,25,22,74,NULL
8474564,NHL,NSH,C,Steven,Stamkos,1990-02-07,"6' 1""",193,91,NULL,CAN,"Markham, Ontario",2008,8474564,R,42,58,66,NULL
8482103,NHL,NSH,C,Ozzy,Wiesblatt,2002-03-09,"5' 10""",183,89,NULL,CAN,"Calgary, Alberta",2020,8482103,R,1,38,5,NULL
8484241,NHL,NSH,R,Matthew,Wood,2005-02-06,"6' 4""",202,71,NULL,CAN,"Nanaimo, British Columbia",2023,8484241,R,17,14,30,NULL
8482111,NHL,NSH,D,Justin,Barron,2001-11-15,"6' 2""",198,20,NULL,CAN,"Halifax, Nova Scotia",2020,8482111,R,0,17,9,NULL
8479980,NHL,NSH,D,Nicolas,Hague,1998-12-05,"6' 6""",245,41,NULL,CAN,"Kitchener, Ontario",2017,8479980,L,3,47,15,NULL
8474600,NHL,NSH,D,Roman,Josi,1990-06-01,"6' 1""",201,59,NULL,CHE,Bern,2008,8474600,L,13,30,55,NULL
8480950,NHL,NSH,D,Ilya,Lyubushkin,1994-04-06,"6' 2""",206,46,NULL,RUS,Moscow,NULL,8480950,R,1,40,9,NULL
8480246,NHL,NSH,D,Nick,Perbix,1998-06-15,"6' 4""",206,48,NULL,USA,"Elk River, Minnesota",2017,8480246,R,3,20,13,NULL
8476869,NHL,NSH,D,Brady,Skjei,1994-03-26,"6' 3""",210,76,NULL,USA,"Lakeville, Minnesota",2012,8476869,L,3,40,26,NULL
8482482,NHL,NSH,D,Adam,Wilsby,2000-08-07,"6' 1""",188,83,NULL,SWE,Stockholm,2020,8482482,L,1,29,16,NULL
8481020,NHL,NSH,G,Justus,Annunen,2000-03-11,"6' 4""",210,29,NULL,FIN,Kempele,2018,8481020,L,0,0,0,0.90
8477424,NHL,NSH,G,Juuse,Saros,1995-04-19,"5' 11""",180,74,NULL,FIN,Forssa,2013,8477424,L,0,0,0,0.91
8475760,NHL,NJD,C,Nick,Bjugstad,1992-07-17,"6' 6""",210,72,NULL,USA,"Minneapolis, Minnesota",2010,8475760,R,6,33,9,NULL
8480003,NHL,NJD,C,Jesper,Boqvist,1998-10-30,"6' 1""",191,70,NULL,SWE,Falun,2017,8480003,L,4,16,13,NULL
8479407,NHL,NJD,L,Jesper,Bratt,1998-07-30,"5' 10""",175,63,NULL,SWE,Stockholm,2016,8479407,L,22,12,71,NULL
8477015,NHL,NJD,R,Connor,Brown,1994-01-14,"6' 0""",184,16,NULL,CAN,"Toronto, Ontario",2012,8477015,R,18,22,43,NULL
8479996,NHL,NJD,C,Cody,Glass,1999-04-01,"6' 3""",201,12,NULL,CAN,"Winnipeg, Manitoba",2017,8479996,R,19,39,26,NULL
8481721,NHL,NJD,R,Arseny,Gritsyuk,2001-03-15,"6' 0""",195,81,NULL,RUS,Krasnoyarsk,2019,8481721,L,13,26,31,NULL
8480002,NHL,NJD,C,Nico,Hischier,1999-01-04,"6' 1""",200,13,NULL,CHE,Naters,2017,8480002,L,28,29,66,NULL
8481559,NHL,NJD,C,Jack,Hughes,2001-05-14,"5' 11""",175,86,NULL,USA,"Orlando, Florida",2019,8481559,L,27,10,77,NULL
8478414,NHL,NJD,R,Timo,Meier,1996-10-08,"6' 1""",220,28,NULL,CHE,Herisau,2015,8478414,L,24,22,44,NULL
8482110,NHL,NJD,C,Dawson,Mercer,2001-10-27,"6' 0""",180,91,NULL,CAN,"Carbonear, Newfoundland and Labrador",2020,8482110,R,20,33,42,NULL
8476474,NHL,NJD,R,Stefan,Noesen,1993-02-12,"6' 1""",205,11,NULL,USA,"Plano, Texas",2011,8476474,R,3,33,7,NULL
8478542,NHL,NJD,C,Evan,Rodrigues,1993-07-28,"5' 11""",182,17,NULL,CAN,"Toronto, Ontario",NULL,8478542,R,11,38,31,NULL
8480990,NHL,NJD,D,Declan,Chisholm,2000-01-12,"6' 1""",205,47,NULL,CAN,"Bowmanville, Ontario",2018,8480990,L,1,4,7,NULL
8475455,NHL,NJD,D,Brenden,Dillon,1990-11-13,"6' 4""",225,5,NULL,CAN,"New Westminster, British Columbia",NULL,8475455,L,3,89,15,NULL
8476462,NHL,NJD,D,Dougie,Hamilton,1993-06-17,"6' 6""",230,7,NULL,CAN,"Toronto, Ontario",2011,8476462,R,12,50,39,NULL
8482684,NHL,NJD,D,Luke,Hughes,2003-09-09,"6' 2""",198,43,NULL,USA,"Manchester, New Hampshire",2021,8482684,L,6,32,35,NULL
8480192,NHL,NJD,D,Johnathan,Kovacevic,1997-07-12,"6' 5""",223,8,NULL,CAN,"Hamilton, Ontario",2017,8480192,R,0,38,8,NULL
8477488,NHL,NJD,D,Brett,Pesce,1994-11-15,"6' 3""",206,22,NULL,USA,"Tarrytown, New York",2013,8477488,R,1,6,7,NULL
8478399,NHL,NJD,D,Jonas,Siegenthaler,1997-05-06,"6' 2""",218,71,NULL,CHE,Zurich,2015,8478399,L,0,48,16,NULL
8474596,NHL,NJD,G,Jake,Allen,1990-08-07,"6' 2""",197,34,NULL,CAN,"Fredericton, New Brunswick",2008,8474596,L,0,0,0,0.91
8479496,NHL,NJD,G,David,Rittich,1992-08-19,"6' 3""",200,33,NULL,CZE,Jihlava,NULL,8479496,L,0,0,0,0.90
8478445,NHL,NYI,C,Mathew,Barzal,1997-05-26,"6' 1""",186,13,NULL,CAN,"Coquitlam, British Columbia",2015,8478445,R,19,61,72,NULL
8475231,NHL,NYI,C,Casey,Cizikas,1991-02-27,"5' 11""",191,53,NULL,CAN,"Toronto, Ontario",2009,8475231,L,10,20,18,NULL
8477407,NHL,NYI,L,Anthony,Duclair,1995-08-26,"6' 0""",198,11,NULL,CAN,"Pointe-Claire, Quebec",2013,8477407,L,12,12,27,NULL
8482476,NHL,NYI,L,Emil,Heineman,2001-11-16,"6' 2""",204,51,NULL,SWE,Leksand,2020,8482476,L,22,18,31,NULL
8481601,NHL,NYI,R,Simon,Holmstrom,2001-05-24,"6' 1""",208,92,NULL,SWE,Tranas,2019,8481601,L,19,16,41,NULL
8477500,NHL,NYI,C,Bo,Horvat,1995-04-05,"6' 1""",225,14,NULL,CAN,"London, Ontario",2013,8477500,L,31,40,57,NULL
8481711,NHL,NYI,L,Matias,Maccelli,2000-10-14,"5' 11""",187,63,NULL,FIN,Turku,2019,8481711,L,14,16,39,NULL
8481237,NHL,NYI,C,Kyle,MacLean,1999-04-29,"6' 1""",190,32,NULL,USA,"Verona, New Jersey",NULL,8481237,L,2,40,7,NULL
8476419,NHL,NYI,C,Jean-Gabriel,Pageau,1992-11-11,"5' 11""",180,44,NULL,CAN,"Ottawa, Ontario",2011,8476419,R,17,4,35,NULL
8476292,NHL,NYI,L,Ondrej,Palat,1991-03-28,"6' 0""",194,81,NULL,CZE,Frydek-Mistek,2011,8476292,L,5,14,15,NULL
8475151,NHL,NYI,C,Kyle,Palmieri,1991-02-01,"6' 0""",192,21,NULL,USA,"Smithtown, New York",2009,8475151,R,6,8,18,NULL
8475170,NHL,NYI,C,Brayden,Schenn,1991-08-22,"6' 1""",200,10,NULL,CAN,"Saskatoon, Saskatchewan",2009,8475170,L,18,68,39,NULL
8477950,NHL,NYI,D,Tony,DeAngelo,1995-10-24,"6' 0""",190,77,NULL,USA,"Sewell, New Jersey",2014,8477950,R,5,43,35,NULL
8482516,NHL,NYI,D,Matthew,Kessel,2000-06-23,"6' 3""",212,51,NULL,USA,"Bloomfield Hills, Michigan",2020,8482516,R,2,10,3,NULL
8476429,NHL,NYI,D,Scott,Mayfield,1992-10-14,"6' 4""",215,24,NULL,USA,"St. Louis, Missouri",2011,8476429,R,2,83,15,NULL
8476917,NHL,NYI,D,Adam,Pelech,1994-08-16,"6' 3""",212,3,NULL,CAN,"Toronto, Ontario",2012,8476917,L,4,50,16,NULL
8477506,NHL,NYI,D,Ryan,Pulock,1994-10-06,"6' 1""",219,6,NULL,CAN,"Dauphin, Manitoba",2013,8477506,R,3,16,27,NULL
8481014,NHL,NYI,D,Alexander,Romanov,2000-01-06,"6' 1""",220,28,NULL,RUS,Moscow,2018,8481014,L,0,6,1,NULL
8485366,NHL,NYI,D,Matthew,Schaefer,2007-09-05,"6' 2""",186,48,NULL,CAN,"Hamilton, Ontario",2025,8485366,L,23,38,59,NULL
8478009,NHL,NYI,G,Ilya,Sorokin,1995-08-04,"6' 3""",189,30,NULL,RUS,Mezhdurechensk,2014,8478009,L,0,0,0,0.91
8477970,NHL,NYI,G,Vitek,Vanecek,1996-01-09,"6' 2""",184,41,NULL,CZE,Havlickuv Brod,2014,8477970,L,0,0,0,0.90
8473575,NHL,NYI,G,Semyon,Varlamov,1988-04-27,"6' 2""",201,40,NULL,RUS,Samara,2006,8473575,L,0,0,0,0.92
8477416,NHL,NYR,R,Oliver,Bjorkstrand,1995-04-10,"6' 0""",175,22,NULL,DNK,Herning,2013,8477416,R,12,16,32,NULL
8482877,NHL,NYR,R,Jaroslav,Chmelar,2003-07-20,"6' 4""",226,49,NULL,CZE,Nove Mesto nad Metuji,2021,8482877,R,4,11,6,NULL
8482157,NHL,NYR,L,Will,Cuylle,2002-02-05,"6' 3""",212,50,NULL,CAN,"Toronto, Ontario",2020,8482157,L,20,65,38,NULL
8481604,NHL,NYR,L,Pavel,Dorofeyev,2000-10-26,"6' 1""",194,16,NULL,RUS,Nizhny Tagil,2019,8481604,L,37,24,64,NULL
8481789,NHL,NYR,L,Tye,Kartye,2001-04-30,"5' 11""",202,24,NULL,CAN,"Kingston, Ontario",NULL,8481789,L,8,38,22,NULL
8483690,NHL,NYR,C,Noah,Laba,2003-08-04,"6' 3""",214,42,NULL,USA,"Northville, Michigan",2022,8483690,R,9,31,24,NULL
8482109,NHL,NYR,L,Alexis,Lafrenière,2001-10-11,"6' 2""",191,13,NULL,CAN,"St-Eustache, Quebec",2020,8482109,L,24,20,57,NULL
8476468,NHL,NYR,C,J.T.,Miller,1993-03-14,"6' 0""",211,8,NULL,USA,"East Palestine, Ohio",2011,8476468,L,17,33,53,NULL
8484210,NHL,NYR,R,Gabe,Perreault,2005-05-07,"5' 11""",180,94,NULL,CAN,"Sherbrooke, Quebec",2023,8484210,L,12,10,27,NULL
8479390,NHL,NYR,R,Taylor,Raddysh,1998-02-18,"6' 2""",201,14,NULL,CAN,"Caledon, Ontario",2016,8479390,R,9,12,19,NULL
8482460,NHL,NYR,C,Matt,Rempe,2002-06-29,"6' 9""",261,73,NULL,CAN,"Calgary, Alberta",2020,8482460,R,1,11,1,NULL
8483669,NHL,NYR,L,Adam,Sykora,2004-09-07,"5' 11""",193,38,NULL,SVK,Piestany,2022,8483669,L,3,5,4,NULL
8480813,NHL,NYR,C,Joe,Veleno,2000-01-13,"6' 1""",201,90,NULL,CAN,"Montréal, Quebec",2018,8480813,L,2,19,5,NULL
8476459,NHL,NYR,C,Mika,Zibanejad,1993-04-18,"6' 2""",208,93,NULL,SWE,Stockholm,2011,8476459,R,34,14,78,NULL
8479395,NHL,NYR,D,Dennis,Cholowski,1998-02-15,"6' 2""",210,44,NULL,CAN,"Langley, British Columbia",2016,8479395,L,0,2,2,NULL
8480434,NHL,NYR,D,Sean,Durzi,1998-10-21,"6' 1""",196,50,NULL,CAN,"Mississauga, Ontario",2018,8480434,R,5,50,27,NULL
8484169,NHL,NYR,D,Drew,Fortescue,2005-04-28,"6' 2""",195,45,NULL,USA,"New York, New York",2023,8484169,L,0,4,2,NULL
8479323,NHL,NYR,D,Adam,Fox,1998-02-17,"5' 11""",185,23,NULL,USA,"Jericho, New York",2016,8479323,R,9,20,53,NULL
8478882,NHL,NYR,D,Vladislav,Gavrikov,1995-11-21,"6' 3""",210,44,NULL,RUS,Yaroslavl,2015,8478882,L,14,50,35,NULL
8482861,NHL,NYR,D,Vincent,Iorio,2002-11-14,"6' 4""",220,6,NULL,CAN,"Coquitlam, British Columbia",2021,8482861,R,0,12,3,NULL
8477969,NHL,NYR,D,Marcus,Pettersson,1996-05-08,"6' 5""",174,29,NULL,SWE,Skelleftea,2014,8477969,L,3,60,18,NULL
8481525,NHL,NYR,D,Matthew,Robertson,2001-03-09,"6' 4""",210,29,NULL,CAN,"Edmonton, Alberta",2019,8481525,L,6,38,18,NULL
8482073,NHL,NYR,D,Braden,Schneider,2001-09-20,"6' 3""",206,4,NULL,CAN,"Prince Albert, Saskatchewan",2020,8482073,R,2,26,18,NULL
8480001,NHL,NYR,D,Urho,Vaakanainen,1999-01-01,"6' 2""",202,18,NULL,FIN,Joensuu,2017,8480001,L,0,14,6,NULL
8482193,NHL,NYR,G,Dylan,Garand,2002-06-07,"6' 1""",185,33,NULL,CAN,"Victoria, British Columbia",2020,8482193,L,0,0,0,0.95
8476914,NHL,NYR,G,Joonas,Korpisalo,1994-04-28,"6' 4""",200,70,NULL,FIN,Pori,2012,8476914,L,0,0,0,0.90
8478048,NHL,NYR,G,Igor,Shesterkin,1995-12-30,"6' 1""",199,31,NULL,RUS,Moscow,2014,8478048,L,0,0,0,0.92
8478020,NHL,OTT,R,Michael,Amadio,1996-05-13,"6' 1""",206,22,NULL,CAN,"Sault Ste. Marie, Ontario",2014,8478020,R,15,18,35,NULL
8480208,NHL,OTT,R,Drake,Batherson,1998-04-27,"6' 3""",209,19,NULL,USA,"Fort Wayne, Indiana",2017,8480208,R,33,33,71,NULL
8482674,NHL,OTT,R,Tyler,Boucher,2003-01-16,"6' 2""",216,54,NULL,USA,"Scottsdale, Arizona",2021,8482674,R,NULL,NULL,NULL,NULL
8477444,NHL,OTT,L,Andre,Burakovsky,1995-02-09,"6' 3""",203,28,NULL,AUT,Klagenfurt,2013,8477444,L,11,16,33,NULL
8476393,NHL,OTT,C,Nick,Cousins,1993-07-20,"5' 11""",191,21,NULL,CAN,"Belleville, Ontario",2011,8476393,L,9,92,23,NULL
8481528,NHL,OTT,C,Dylan,Cozens,2001-02-09,"6' 3""",205,24,NULL,CAN,"Whitehorse, Yukon Territory",2019,8481528,R,28,59,59,NULL
8482667,NHL,OTT,L,William,Eklund,2002-10-12,"5' 10""",185,72,NULL,SWE,Stockholm,2021,8482667,L,15,32,53,NULL
8477998,NHL,OTT,L,Warren,Foegele,1996-04-01,"6' 2""",205,37,NULL,CAN,"Markham, Ontario",2014,8477998,L,13,18,17,NULL
8473512,NHL,OTT,R,Claude,Giroux,1988-01-12,"5' 11""",186,28,NULL,CAN,"Hearst, Ontario",2006,8473512,R,14,22,49,NULL
8482092,NHL,OTT,C,Ridly,Greig,2002-08-08,"6' 0""",184,71,NULL,CAN,"Lethbridge, Alberta",2020,8482092,L,13,83,35,NULL
8483676,NHL,OTT,C,Stephen,Halliday,2002-07-02,"6' 4""",214,83,NULL,CAN,"Ajax, Ontario",2022,8483676,L,4,2,11,NULL
8478173,NHL,OTT,R,Hayden,Hodgson,1996-03-02,"6' 2""",226,42,NULL,CAN,"Windsor, Ontario",NULL,8478173,R,0,11,0,NULL
8477073,NHL,OTT,L,Kurtis,MacDermid,1994-03-25,"6' 5""",233,23,NULL,CAN,"Quebec City, Quebec",NULL,8477073,L,0,33,1,NULL
8483673,NHL,OTT,R,Oskar,Pettersson,2004-02-04,"6' 2""",209,63,NULL,SWE,Halmstad,2022,8483673,R,NULL,NULL,NULL,NULL
8481596,NHL,OTT,C,Shane,Pinto,2000-11-12,"6' 3""",206,12,NULL,USA,"Franklin Square, New York",2019,8481596,R,23,42,46,NULL
8482116,NHL,OTT,C,Tim,Stützle,2002-01-15,"6' 0""",187,18,NULL,DEU,Viersen,2020,8482116,L,34,39,83,NULL
8480188,NHL,OTT,L,Fabian,Zetterlund,1999-08-25,"5' 11""",208,20,NULL,SWE,Karlstad,2017,8480188,R,17,16,33,NULL
8478469,NHL,OTT,D,Thomas,Chabot,1997-01-30,"6' 1""",200,72,NULL,CAN,"Sainte-Marie, Quebec",2015,8478469,L,7,22,31,NULL
8480075,NHL,OTT,D,Cameron,Crotty,1999-05-05,"6' 3""",213,5,NULL,CAN,"Ottawa, Ontario",2017,8480075,R,0,0,1,NULL
8482095,NHL,OTT,D,Tyler,Kleven,2002-01-10,"6' 5""",225,43,NULL,USA,"Fargo, North Dakota",2020,8482095,L,3,53,18,NULL
8484321,NHL,OTT,D,Nikolas,Matinpalo,1998-10-05,"6' 3""",213,33,NULL,FIN,Espoo,NULL,8484321,R,0,16,5,NULL
8482105,NHL,OTT,D,Jake,Sanderson,2002-07-08,"6' 2""",202,85,NULL,USA,"Whitefish, Montana",2020,8482105,L,14,8,54,NULL
8481606,NHL,OTT,D,Jordan,Spence,2001-02-24,"5' 11""",188,10,NULL,AUS,Manly,2019,8481606,R,7,22,31,NULL
8484759,NHL,OTT,D,Carter,Yakemchuk,2005-09-29,"6' 3""",219,58,NULL,CAN,"Fort McMurray, Alberta",2024,8484759,R,1,2,2,NULL
8482245,NHL,OTT,D,Artem,Zub,1995-10-03,"6' 3""",201,2,NULL,RUS,Khabarovsk,NULL,8482245,R,5,57,30,NULL
8481035,NHL,OTT,G,Samuel,Ersson,1999-10-20,"6' 3""",194,33,NULL,SWE,Falun,2018,8481035,L,0,0,0,0.88
8482447,NHL,OTT,G,Leevi,Meriläinen,2002-08-13,"6' 2""",196,1,NULL,FIN,Oulu,2020,8482447,L,0,0,0,0.89
8476999,NHL,OTT,G,Linus,Ullmark,1993-07-31,"6' 4""",223,35,NULL,SWE,Lugnvik,2012,8476999,L,0,0,0,0.91
8478569,NHL,PHI,C,Noel,Acciari,1991-12-01,"5' 11""",204,55,NULL,USA,"Johnston, Rhode Island",NULL,8478569,R,13,25,25,NULL
8484142,NHL,PHI,C,Denver,Barkey,2005-04-27,"5' 10""",171,52,NULL,CAN,"Newmarket, Ontario",2023,8484142,L,5,16,17,NULL
8483731,NHL,PHI,L,Alex,Bump,2003-11-20,"6' 0""",195,20,NULL,USA,"Burnsville, Minnesota",2022,8483731,L,5,2,9,NULL
8480220,NHL,PHI,L,Noah,Cates,1999-02-05,"6' 2""",194,27,NULL,USA,"Stillwater, Minnesota",2017,8480220,L,18,44,47,NULL
8476461,NHL,PHI,C,Sean,Couturier,1992-12-07,"6' 4""",210,14,NULL,USA,"Phoenix, Arizona",2011,8476461,L,12,30,36,NULL
8477989,NHL,PHI,C,Christian,Dvorak,1996-02-02,"6' 1""",190,22,NULL,USA,"Palos, Illinois",2014,8477989,L,18,27,51,NULL
8482159,NHL,PHI,R,Tyson,Foerster,2002-01-18,"6' 2""",215,71,NULL,CAN,"Alliston, Ontario",2020,8482159,R,13,22,17,NULL
8481848,NHL,PHI,C,Jacob,Gaucher,2001-03-09,"6' 3""",185,78,NULL,CAN,"Longueuil, Quebec",NULL,8481848,R,0,0,0,NULL
8483733,NHL,PHI,R,Nikita,Grebenkin,2003-05-02,"6' 2""",210,29,NULL,RUS,Serov,2022,8483733,L,4,46,14,NULL
8479336,NHL,PHI,R,Carl,Grundstrom,1997-12-01,"6' 0""",200,91,NULL,SWE,Umea,2016,8479336,L,9,19,13,NULL
8478439,NHL,PHI,R,Travis,Konecny,1997-03-11,"5' 10""",192,11,NULL,CAN,"London, Ontario",2015,8478439,R,27,59,68,NULL
8484779,NHL,PHI,C,Jett,Luchanko,2006-08-21,"5' 11""",180,17,NULL,CAN,"London, Ontario",2024,8484779,R,0,2,0,NULL
8485406,NHL,PHI,R,Porter,Martone,2006-10-26,"6' 3""",214,94,NULL,CAN,"Peterborough, Ontario",2025,8485406,R,4,6,10,NULL
8484387,NHL,PHI,R,Matvei,Michkov,2004-12-09,"5' 10""",172,39,NULL,RUS,Perm,2023,8484387,L,20,71,51,NULL
8480015,NHL,PHI,R,Owen,Tippett,1999-02-16,"6' 1""",210,74,NULL,CAN,"Peterborough, Ontario",2017,8480015,R,28,32,51,NULL
8481533,NHL,PHI,C,Trevor,Zegras,2001-03-20,"6' 0""",185,46,NULL,USA,"Bedford, New York",2019,8481533,L,26,62,67,NULL
8481122,NHL,PHI,D,Simon,Benoit,1998-09-19,"6' 4""",210,2,NULL,CAN,"Laval, Quebec",NULL,8481122,L,0,41,6,NULL
8484148,NHL,PHI,D,Oliver,Bonk,2005-01-09,"6' 2""",180,59,NULL,CAN,"Ottawa, Ontario",2023,8484148,R,1,0,2,NULL
8482142,NHL,PHI,D,Jamie,Drysdale,2002-04-08,"5' 11""",185,9,NULL,CAN,"Toronto, Ontario",2020,8482142,R,8,33,32,NULL
8482169,NHL,PHI,D,Helge,Grans,2002-05-10,"6' 4""",205,3,NULL,SWE,Ljungby,2020,8482169,R,0,2,1,NULL
8483460,NHL,PHI,D,David,Jiricek,2003-11-28,"6' 4""",204,5,NULL,CZE,Klatovy,2022,8483460,R,0,16,0,NULL
8483760,NHL,PHI,D,Hunter,McDonald,2002-05-11,"6' 4""",238,75,NULL,USA,"Fairport, New York",2022,8483760,L,0,4,1,NULL
8477499,NHL,PHI,D,Rasmus,Ristolainen,1994-10-27,"6' 4""",208,55,NULL,FIN,Turku,2013,8477499,R,1,16,14,NULL
8477948,NHL,PHI,D,Travis,Sanheim,1996-03-29,"6' 4""",222,6,NULL,CAN,"Elkhorn, Manitoba",2014,8477948,L,11,20,37,NULL
8476372,NHL,PHI,D,Nick,Seeler,1993-06-03,"6' 3""",197,24,NULL,USA,"Eden Prairie, Minnesota",2011,8476372,L,4,38,10,NULL
8481546,NHL,PHI,D,Cam,York,2001-01-05,"6' 0""",194,8,NULL,USA,"Anaheim, California",2019,8481546,L,4,28,26,NULL
8484147,NHL,PHI,G,Carson,Bjarnason,2005-06-30,"6' 3""",186,64,NULL,CAN,"Brandon, Manitoba",2023,8484147,L,0,0,0,NULL
8482783,NHL,PHI,G,Aleksei,Kolosov,2002-01-04,"6' 1""",185,35,NULL,BLR,Minsk,2021,8482783,L,0,0,0,0.86
8478435,NHL,PHI,G,Dan,Vladar,1997-08-20,"6' 5""",209,80,NULL,CZE,Prague,2015,8478435,L,0,0,0,0.90
8479361,NHL,PHI,G,Joseph,Woll,1998-07-12,"6' 3""",212,60,NULL,USA,"Dardenne Prairie, Missouri",2016,8479361,L,0,0,0,0.91
8479638,NHL,PIT,R,Justin,Brazeau,1998-02-02,"6' 6""",232,16,NULL,CAN,"New Liskeard, Ontario",NULL,8479638,R,17,14,34,NULL
8482475,NHL,PIT,R,Egor,Chinakhov,2001-02-01,"6' 1""",203,59,NULL,RUS,Omsk,2020,8482475,L,21,10,42,NULL
8471675,NHL,PIT,C,Sidney,Crosby,1987-08-07,"5' 11""",200,87,NULL,CAN,"Cole Harbour, Nova Scotia",2005,8471675,L,29,44,74,NULL
8480980,NHL,PIT,C,Connor,Dewar,1999-06-26,"5' 10""",187,19,NULL,CAN,"The Pas, Manitoba",2018,8480980,L,14,19,30,NULL
8481019,NHL,PIT,C,David,Gustafsson,2000-04-11,"6' 2""",196,NULL,NULL,SWE,Tingsryd,2018,8481019,L,2,7,6,NULL
8480842,NHL,PIT,C,Filip,Hallander,2000-06-29,"6' 1""",203,11,NULL,SWE,Sundsvall,2018,8480842,L,1,2,4,NULL
8485414,NHL,PIT,C,Ben,Kindel,2007-04-19,"5' 11""",182,81,NULL,CAN,"Coquitlam, British Columbia",2025,8485414,R,17,18,35,NULL
8482758,NHL,PIT,R,Ville,Koivunen,2003-06-13,"6' 0""",184,41,NULL,FIN,Oulu,2021,8482758,L,2,10,7,NULL
8483808,NHL,PIT,L,Andrei,Kuzmenko,1996-02-04,"5' 11""",200,NULL,NULL,RUS,Yakutsk,NULL,8483808,R,13,16,25,NULL
8482148,NHL,PIT,C,Hendrix,Lapierre,2002-02-09,"6' 0""",195,29,NULL,CAN,"Gatineau, Quebec",2020,8482148,L,4,31,16,NULL
8481481,NHL,PIT,C,Blake,Lizotte,1997-12-13,"5' 9""",176,46,NULL,USA,"Lindstrom, Minnesota",NULL,8481481,L,7,25,19,NULL
8471215,NHL,PIT,C,Evgeni,Malkin,1986-07-31,"6' 5""",213,71,NULL,RUS,Magnitogorsk,2004,8471215,L,19,61,61,NULL
8478438,NHL,PIT,C,Tommy,Novak,1997-04-28,"6' 1""",190,18,NULL,USA,"St. Paul, Minnesota",2015,8478438,L,16,24,42,NULL
8484935,NHL,PIT,L,Oliver,Okuliar,2000-05-24,"6' 2""",190,NULL,NULL,SVK,Trencin,NULL,8484935,L,NULL,NULL,NULL,NULL
8476483,NHL,PIT,R,Rickard,Rakell,1993-05-05,"6' 1""",194,67,NULL,SWE,Sundbyberg,2011,8476483,R,24,8,48,NULL
8481582,NHL,PIT,L,Nicholas,Robertson,2001-09-11,"5' 9""",180,NULL,NULL,USA,"Pasadena, California",2019,8481582,L,16,10,32,NULL
8475810,NHL,PIT,R,Bryan,Rust,1992-05-11,"5' 11""",202,17,NULL,USA,"Pontiac, Michigan",2010,8475810,R,29,26,65,NULL
8481725,NHL,PIT,L,Elmer,Soderblom,2001-07-05,"6' 8""",252,25,NULL,SWE,Gothenburg,2019,8481725,L,7,23,13,NULL
8483398,NHL,PIT,D,Declan,Carlile,2000-05-18,"6' 3""",190,NULL,NULL,USA,"Hartland, Michigan",NULL,8483398,L,1,40,3,NULL
8479398,NHL,PIT,D,Samuel,Girard,1998-05-12,"5' 10""",170,49,NULL,CAN,"Roberval, Quebec",2016,8479398,L,3,23,19,NULL
8477435,NHL,PIT,D,Ryan,Graves,1995-05-21,"6' 5""",225,27,NULL,CAN,"Yarmouth, Nova Scotia",2013,8477435,L,1,10,1,NULL
8474578,NHL,PIT,D,Erik,Karlsson,1990-05-31,"6' 0""",185,65,NULL,SWE,Landsbro,2008,8474578,R,15,22,66,NULL
8481527,NHL,PIT,D,Kaedan,Korczak,2001-01-29,"6' 3""",206,NULL,NULL,CAN,"Yorkton, Saskatchewan",2019,8481527,R,3,26,16,NULL
8471724,NHL,PIT,D,Kris,Letang,1987-04-24,"6' 0""",199,58,NULL,CAN,"Montréal, Quebec",2005,8471724,R,3,38,34,NULL
8486169,NHL,PIT,D,Jake,Livanavage,2004-05-06,"5' 11""",190,57,NULL,USA,"Gilbert, Arizona",NULL,8486169,NULL,0,0,0,NULL
8482470,NHL,PIT,D,Ilya,Solovyov,2000-07-20,"6' 3""",208,7,NULL,BLR,Mogilev,2020,8482470,L,1,16,8,NULL
8477845,NHL,PIT,D,Trevor,van Riemsdyk,1991-07-24,"6' 3""",210,NULL,NULL,USA,"Middletown, New Jersey",NULL,8477845,R,3,18,14,NULL
8483703,NHL,PIT,G,Sergei,Murashov,2004-04-01,"6' 2""",185,1,NULL,RUS,Yaroslavl,2022,8483703,R,0,0,0,0.90
8481668,NHL,PIT,G,Arturs,Silovs,2001-03-22,"6' 4""",208,37,NULL,LVA,Riga,2019,8481668,L,0,0,0,0.89
8484801,NHL,SJS,C,Macklin,Celebrini,2006-06-13,"6' 0""",190,71,NULL,CAN,"North Vancouver, British Columbia",2024,8484801,L,45,44,115,NULL
8480848,NHL,SJS,C,Ty,Dellandrea,2000-07-21,"6' 2""",185,10,NULL,CAN,"Port Perry, Ontario",2018,8480848,R,2,22,11,NULL
8478874,NHL,SJS,R,Adam,Gaudette,1996-10-03,"6' 1""",190,81,NULL,USA,"Braintree, Massachusetts",2015,8478874,R,17,20,25,NULL
8476624,NHL,SJS,C,Barclay,Goodrow,1993-02-26,"6' 2""",210,23,NULL,CAN,"Toronto, Ontario",NULL,8476624,L,5,73,12,NULL
8484911,NHL,SJS,R,Collin,Graf,2002-09-21,"6' 1""",190,51,NULL,USA,"Lincoln, Massachusetts",NULL,8484911,R,21,12,46,NULL
8478975,NHL,SJS,L,Mason,Marchment,1995-06-18,"6' 5""",212,27,NULL,CAN,"Uxbridge, Ontario",NULL,8478975,L,19,56,45,NULL
8485402,NHL,SJS,C,Michael,Misa,2007-02-16,"6' 1""",185,77,NULL,CAN,"Oakville, Ontario",2025,8485402,L,9,10,21,NULL
8482859,NHL,SJS,C,Zack,Ostapchuk,2003-05-29,"6' 4""",212,63,NULL,CAN,"St. Albert, Alberta",2021,8482859,L,4,45,7,NULL
8480748,NHL,SJS,L,Kiefer,Sherwood,1995-03-31,"6' 0""",194,44,NULL,USA,"Columbus, Ohio",NULL,8480748,R,23,50,36,NULL
8484227,NHL,SJS,C,Will,Smith,2005-03-17,"6' 0""",180,2,NULL,USA,"Boston, Massachusetts",2023,8484227,R,24,16,59,NULL
8475726,NHL,SJS,C,Tyler,Toffoli,1992-04-24,"6' 0""",205,73,NULL,CAN,"Scarborough, Ontario",2010,8475726,R,19,10,49,NULL
8477505,NHL,SJS,C,Alexander,Wennberg,1994-09-22,"6' 2""",190,21,NULL,SWE,Stockholm,2013,8477505,L,18,18,55,NULL
8484806,NHL,SJS,D,Sam,Dickinson,2006-06-07,"6' 3""",200,6,NULL,CAN,"Toronto, Ontario",2024,8484806,L,1,22,14,NULL
8480891,NHL,SJS,D,Michael,Kesselring,2000-01-13,"6' 5""",215,7,NULL,USA,"Florence, South Carolina",2018,8480891,R,0,50,2,NULL
8477498,NHL,SJS,D,Darnell,Nurse,1995-02-04,"6' 4""",215,25,NULL,CAN,"Hamilton, Ontario",2013,8477498,L,7,104,24,NULL
8475200,NHL,SJS,D,Dmitry,Orlov,1991-07-23,"5' 11""",215,9,NULL,RUS,Novokuznetsk,2009,8475200,L,3,48,37,NULL
8476885,NHL,SJS,D,Jacob,Trouba,1994-02-26,"6' 3""",212,65,NULL,USA,"Rochester, Michigan",2012,8476885,R,10,31,35,NULL
8482137,NHL,SJS,G,Yaroslav,Askarov,2002-06-16,"6' 3""",180,30,NULL,RUS,Omsk,2020,8482137,R,0,0,0,0.89
8477480,NHL,SJS,G,Eric,Comrie,1995-07-06,"6' 1""",190,1,NULL,CAN,"Edmonton, Alberta",2013,8477480,L,0,0,0,0.90
8477968,NHL,SJS,G,Alex,Nedeljkovic,1996-01-07,"6' 0""",205,33,NULL,USA,"Parma, Ohio",2014,8477968,L,0,0,0,0.90
8482665,NHL,SEA,C,Matty,Beniers,2002-11-05,"6' 2""",181,10,NULL,USA,"Hingham, Massachusetts",2021,8482665,L,20,23,50,NULL
8484800,NHL,SEA,C,Berkly,Catton,2006-01-14,"5' 10""",179,27,NULL,CAN,"Saskatoon, Saskatchewan",2024,8484800,L,7,31,17,NULL
8474586,NHL,SEA,R,Jordan,Eberle,1990-05-15,"5' 11""",180,7,NULL,CAN,"Regina, Saskatchewan",2008,8474586,R,26,28,55,NULL
8477919,NHL,SEA,C,Frederick,Gaudreau,1993-05-01,"6' 0""",184,89,NULL,CAN,"Bromont, Quebec",NULL,8477919,R,7,11,24,NULL
8481554,NHL,SEA,R,Kaapo,Kakko,2001-02-13,"6' 1""",215,84,NULL,FIN,Turku,2019,8481554,L,13,14,40,NULL
8477955,NHL,SEA,L,Jared,McCann,1996-05-31,"6' 1""",191,19,NULL,CAN,"Stratford, Ontario",2014,8477955,L,20,11,40,NULL
8482259,NHL,SEA,C,Bobby,McMann,1996-06-15,"6' 2""",217,74,NULL,CAN,"Wainwright, Alberta",NULL,8482259,L,29,42,46,NULL
8483570,NHL,SEA,C,Ben,Meyers,1998-11-15,"5' 11""",194,59,NULL,USA,"Delano, Minnesota",NULL,8483570,L,7,16,15,NULL
8482713,NHL,SEA,R,Mackie,Samoskevich,2002-11-15,"5' 11""",180,11,NULL,USA,"Newtown, Connecticut",2021,8482713,R,12,30,32,NULL
8476905,NHL,SEA,C,Chandler,Stephenson,1994-04-22,"6' 0""",201,9,NULL,CAN,"Saskatoon, Saskatchewan",2012,8476905,L,16,14,49,NULL
8482751,NHL,SEA,C,Ryan,Winterton,2003-09-04,"6' 2""",175,26,NULL,CAN,"Markham, Ontario",2021,8482751,R,4,15,18,NULL
8483524,NHL,SEA,C,Shane,Wright,2004-01-05,"6' 0""",192,51,NULL,CAN,"Burlington, Ontario",2022,8483524,R,12,10,27,NULL
8478407,NHL,SEA,D,Vince,Dunn,1996-10-29,"6' 0""",200,29,NULL,CAN,"Mississauga, Ontario",2015,8478407,L,11,54,44,NULL
8482858,NHL,SEA,D,Ryker,Evans,2001-12-13,"6' 0""",195,41,NULL,CAN,"Calgary, Alberta",2021,8482858,L,8,40,17,NULL
8479985,NHL,SEA,D,Cale,Fleury,1998-11-19,"6' 1""",204,8,NULL,CAN,"Carlyle, Saskatchewan",2017,8479985,R,1,7,3,NULL
8476457,NHL,SEA,D,Adam,Larsson,1992-11-12,"6' 3""",207,6,NULL,SWE,Skelleftea,2011,8476457,R,7,42,25,NULL
8479324,NHL,SEA,D,Ryan,Lindgren,1998-02-11,"6' 0""",194,55,NULL,USA,"Burnsville, Minnesota",2016,8479324,L,2,60,9,NULL
8479372,NHL,SEA,D,Joshua,Mahura,1998-05-05,"6' 0""",193,28,NULL,CAN,"St. Albert, Alberta",2016,8479372,L,1,16,3,NULL
8477986,NHL,SEA,D,Brandon,Montour,1994-04-11,"6' 0""",199,62,NULL,CAN,"Brantford, Ontario",2014,8477986,R,11,45,32,NULL
8478916,NHL,SEA,G,Joey,Daccord,1996-08-19,"6' 2""",201,35,NULL,USA,"Boston, Massachusetts",2015,8478916,L,0,0,0,0.90
8475831,NHL,SEA,G,Philipp,Grubauer,1991-11-25,"6' 1""",188,31,NULL,DEU,Rosenheim,2010,8475831,L,0,0,0,0.91
8481013,NHL,STL,R,Jonatan,Berggren,2000-07-16,"5' 11""",195,29,NULL,SWE,Uppsala,2018,8481013,L,8,12,22,NULL
8477402,NHL,STL,L,Pavel,Buchnevich,1995-04-17,"6' 1""",196,89,NULL,RUS,Cherepovets,2013,8477402,L,20,26,48,NULL
8484164,NHL,STL,R,Dalibor,Dvorsky,2005-06-15,"6' 1""",207,54,NULL,SVK,Zvolen,2023,8484164,L,12,26,21,NULL
8482090,NHL,STL,C,Jack,Finley,2002-09-02,"6' 6""",227,37,NULL,USA,"St. Louis, Missouri",2020,8482090,R,2,38,5,NULL
8482077,NHL,STL,L,Dylan,Holloway,2001-09-23,"6' 1""",207,81,NULL,CAN,"Calgary, Alberta",2020,8482077,L,22,20,51,NULL
8477527,NHL,STL,L,Ross,Johnston,1994-02-18,"6' 5""",232,NULL,NULL,CAN,"Charlottetown, Prince Edward Island",NULL,8477527,L,3,107,14,NULL
8481580,NHL,STL,L,Connor,McMichael,2001-01-15,"6' 0""",180,NULL,NULL,CAN,"Ajax, Ontario",2019,8481580,L,14,30,46,NULL
8482745,NHL,STL,C,Mason,McTavish,2003-01-30,"6' 1""",219,23,NULL,CHE,Zurich,2021,8482745,L,17,42,41,NULL
8482089,NHL,STL,L,Jake,Neighbours,2002-03-29,"6' 0""",201,63,NULL,CAN,"Calgary, Alberta",2020,8482089,L,15,43,36,NULL
8483516,NHL,STL,R,Jimmy,Snuggerud,2004-06-01,"6' 1""",193,21,NULL,USA,"Minneapolis, Minnesota",2022,8483516,R,21,18,51,NULL
8480459,NHL,STL,C,Pius,Suter,1996-05-24,"5' 11""",172,22,NULL,CHE,Zurich,NULL,8480459,L,13,20,29,NULL
8480023,NHL,STL,C,Robert,Thomas,1999-07-02,"6' 0""",207,18,NULL,CAN,"Aurora, Ontario",2017,8480023,R,25,24,64,NULL
8480281,NHL,STL,R,Alexey,Toropchenko,1999-06-25,"6' 6""",225,13,NULL,RUS,Moscow,2017,8480281,L,4,28,11,NULL
8477573,NHL,STL,L,Nathan,Walker,1994-02-07,"5' 9""",191,26,NULL,GBR,Cardiff,2014,8477573,L,4,28,11,NULL
8481598,NHL,STL,D,Philip,Broberg,2001-06-25,"6' 4""",210,6,NULL,SWE,Orebro,2019,8481598,L,6,16,34,NULL
8478443,NHL,STL,D,Brandon,Carlo,1996-11-26,"6' 5""",227,NULL,NULL,USA,"Colorado Springs, Colorado",2015,8478443,R,0,37,7,NULL
8475764,NHL,STL,D,Cam,Fowler,1991-12-05,"6' 2""",213,17,NULL,CAN,"Windsor, Ontario",2010,8475764,L,4,14,30,NULL
8482733,NHL,STL,D,Logan,Mailloux,2003-04-15,"6' 3""",212,23,NULL,CAN,"Belle River, Ontario",2021,8482733,R,5,48,13,NULL
8476892,NHL,STL,D,Colton,Parayko,1993-05-12,"6' 6""",228,55,NULL,CAN,"St. Albert, Alberta",2012,8476892,R,4,23,18,NULL
8481006,NHL,STL,D,Tyler,Tucker,2000-03-01,"6' 1""",204,75,NULL,CAN,"Thunder Bay, Ontario",2018,8481006,L,3,81,17,NULL
8476412,NHL,STL,G,Jordan,Binnington,1993-07-11,"6' 2""",172,50,NULL,CAN,"Richmond Hill, Ontario",2011,8476412,L,0,0,0,0.90
8480981,NHL,STL,G,Joel,Hofer,2000-07-30,"6' 5""",193,30,NULL,CAN,"Winnipeg, Manitoba",2018,8480981,L,0,0,0,0.91
8478519,NHL,TBL,C,Anthony,Cirelli,1997-07-15,"6' 1""",193,71,NULL,CAN,"Etobicoke, Ontario",2015,8478519,L,23,48,52,NULL
8483447,NHL,TBL,C,Conor,Geekie,2004-05-05,"6' 4""",212,14,NULL,CAN,"Strathclair, Manitoba",2022,8483447,L,1,8,3,NULL
8476878,NHL,TBL,C,Zemgus,Girgensons,1994-01-05,"6' 3""",197,28,NULL,LVA,Riga,2012,8476878,L,9,31,20,NULL
8482201,NHL,TBL,C,Gage,Goncalves,2001-01-16,"6' 1""",189,93,NULL,CAN,"Mission, British Columbia",2020,8482201,L,11,41,33,NULL
8476826,NHL,TBL,C,Yanni,Gourde,1991-12-15,"5' 9""",173,37,NULL,CAN,"Saint-Narcisse, Quebec",NULL,8476826,L,9,66,28,NULL
8477404,NHL,TBL,C,Jake,Guentzel,1994-10-06,"5' 11""",176,59,NULL,USA,"Omaha, Nebraska",2013,8477404,L,38,61,88,NULL
8479542,NHL,TBL,L,Brandon,Hagel,1998-08-27,"6' 2""",186,38,NULL,CAN,"Saskatoon, Saskatchewan",2016,8479542,L,36,58,74,NULL
8478424,NHL,TBL,C,Jansen,Harkins,1997-05-23,"6' 1""",197,24,NULL,USA,"Cleveland, Ohio",2015,8478424,L,3,28,8,NULL
8480995,NHL,TBL,R,Pontus,Holmberg,1999-03-09,"6' 0""",201,29,NULL,SWE,Vasteras,2018,8480995,L,11,31,22,NULL
8483752,NHL,TBL,C,Dominic,James,2002-07-03,"6' 0""",190,17,NULL,USA,"Plymouth, Michigan",2022,8483752,L,7,8,15,NULL
8476453,NHL,TBL,R,Nikita,Kucherov,1993-06-17,"6' 0""",173,86,NULL,RUS,Maykop,2011,8476453,L,44,50,130,NULL
8481624,NHL,TBL,R,Ilya,Mikheyev,1994-10-10,"6' 2""",192,95,NULL,RUS,Omsk,NULL,8481624,L,18,18,36,NULL
8478010,NHL,TBL,C,Brayden,Point,1996-03-13,"5' 11""",177,21,NULL,CAN,"Calgary, Alberta",2014,8478010,R,18,14,50,NULL
8477149,NHL,TBL,R,Scott,Sabourin,1992-07-30,"6' 3""",205,46,NULL,CAN,"Orleans, Ontario",NULL,8477149,R,1,89,5,NULL
8479705,NHL,TBL,L,Jeffrey,Viel,1997-01-28,"6' 1""",214,25,NULL,CAN,"Rimouski, Quebec",NULL,8479705,L,3,79,10,NULL
8474590,NHL,TBL,D,John,Carlson,1990-01-10,"6' 3""",220,74,NULL,USA,"Natick, Massachusetts",2008,8474590,R,14,32,60,NULL
8478416,NHL,TBL,D,Erik,Cernak,1997-05-28,"6' 4""",230,81,NULL,SVK,Kosice,2015,8478416,R,3,74,11,NULL
8481719,NHL,TBL,D,Max,Crozier,2000-04-19,"6' 3""",204,24,NULL,CAN,"Calgary, Alberta",2019,8481719,R,1,40,10,NULL
8480426,NHL,TBL,D,Charle-Edouard,D'Astous,1998-04-21,"6' 2""",211,51,NULL,CAN,"Rimouski, Quebec",NULL,8480426,L,6,112,29,NULL
8475167,NHL,TBL,D,Victor,Hedman,1990-12-18,"6' 7""",244,77,NULL,SWE,Ornskoldsvik,2009,8475167,L,1,10,17,NULL
8482929,NHL,TBL,D,Emil,Lilleberg,2001-02-02,"6' 3""",215,78,NULL,NOR,Sarpsborg,2021,8482929,L,4,61,12,NULL
8474151,NHL,TBL,D,Ryan,McDonagh,1989-06-13,"6' 1""",216,27,NULL,USA,"St. Paul, Minnesota",2007,8474151,L,6,6,21,NULL
8482655,NHL,TBL,D,J.J.,Moser,2000-06-06,"6' 2""",183,90,NULL,CHE,Biel,2021,8482655,L,7,69,29,NULL
8477992,NHL,TBL,G,Jonas,Johansson,1995-09-19,"6' 5""",220,31,NULL,SWE,Gavle,2014,8477992,L,0,0,0,0.89
8476883,NHL,TBL,G,Andrei,Vasilevskiy,1994-07-25,"6' 4""",223,88,NULL,RUS,Tyumen,2012,8476883,L,0,0,0,0.92
8476927,NHL,TOR,C,Teddy,Blueger,1994-08-15,"6' 0""",185,53,NULL,LVA,Riga,2012,8476927,L,9,22,17,NULL
8477503,NHL,TOR,C,Max,Domi,1995-03-02,"5' 10""",208,11,NULL,CAN,"Winnipeg, Manitoba",2013,8477503,L,12,95,36,NULL
8479520,NHL,TOR,R,Brandon,Duhaime,1997-05-22,"6' 2""",210,22,NULL,USA,"Coral Springs, Florida",2016,8479520,L,4,78,9,NULL
8480870,NHL,TOR,C,Bo,Groulx,2000-02-06,"6' 2""",202,29,NULL,FRA,Rouen,2018,8480870,L,3,0,5,NULL
8485467,NHL,TOR,C,Luke,Haymes,2003-07-28,"6' 1""",192,43,NULL,CAN,"Ottawa, Ontario",NULL,8485467,L,0,2,1,NULL
8478057,NHL,TOR,C,Dakota,Joshua,1996-05-15,"6' 3""",218,81,NULL,USA,"Dearborn, Michigan",2014,8478057,L,10,49,18,NULL
8482720,NHL,TOR,L,Matthew,Knies,2002-10-17,"6' 3""",232,23,NULL,USA,"Phoenix, Arizona",2021,8482720,L,23,29,66,NULL
8478904,NHL,TOR,C,Steven,Lorentz,1996-04-13,"6' 4""",219,18,NULL,CAN,"Kitchener, Ontario",2015,8478904,L,7,16,18,NULL
8479772,NHL,TOR,C,Zack,MacEwen,1996-07-08,"6' 4""",226,15,NULL,CAN,"Charlottetown, Prince Edward Island",NULL,8479772,R,0,0,0,NULL
8479318,NHL,TOR,C,Auston,Matthews,1997-09-17,"6' 3""",215,34,NULL,USA,"San Ramon, California",2016,8479318,L,27,18,53,NULL
8477939,NHL,TOR,R,William,Nylander,1996-05-01,"6' 0""",200,88,NULL,CAN,"Calgary, Alberta",2014,8477939,R,30,16,79,NULL
8477426,NHL,TOR,L,Nick,Paul,1995-03-20,"6' 4""",234,20,NULL,CAN,"Mississauga, Ontario",2013,8477426,L,7,32,15,NULL
8478458,NHL,TOR,C,Jack,Roslovic,1997-01-29,"6' 1""",198,28,NULL,USA,"Columbus, Ohio",2015,8478458,R,21,16,36,NULL
8476925,NHL,TOR,C,Colton,Sissons,1993-11-05,"6' 1""",200,10,NULL,CAN,"North Vancouver, British Columbia",2012,8476925,R,6,28,11,NULL
8475166,NHL,TOR,C,John,Tavares,1990-09-20,"6' 1""",217,91,NULL,CAN,"Mississauga, Ontario",2009,8475166,L,31,28,71,NULL
8482126,NHL,TOR,D,Emil,Andrae,2002-02-23,"5' 9""",189,36,NULL,SWE,Vastervik,2020,8482126,L,2,22,13,NULL
8475171,NHL,TOR,D,Oliver,Ekman-Larsson,1991-07-17,"6' 2""",190,95,NULL,SWE,Karlskrona,2009,8475171,L,8,70,39,NULL
8476931,NHL,TOR,D,Jake,McCabe,1993-10-12,"6' 1""",210,22,NULL,USA,"Eau Claire, Wisconsin",2012,8476931,L,5,64,25,NULL
8479026,NHL,TOR,D,Philippe,Myers,1997-01-25,"6' 5""",221,51,NULL,CAN,"Moncton, New Brunswick",NULL,8479026,R,0,22,2,NULL
8478178,NHL,TOR,D,Darren,Raddysh,1996-02-28,"6' 1""",202,43,NULL,CAN,"Toronto, Ontario",NULL,8478178,R,22,72,70,NULL
8476853,NHL,TOR,D,Morgan,Rielly,1994-03-09,"6' 1""",219,44,NULL,CAN,"Vancouver, British Columbia",2012,8476853,L,11,29,36,NULL
8479442,NHL,TOR,D,Troy,Stecher,1994-04-07,"5' 10""",184,28,NULL,CAN,"Richmond, British Columbia",NULL,8479442,R,3,20,14,NULL
8475690,NHL,TOR,D,Chris,Tanev,1989-12-20,"6' 3""",200,8,NULL,CAN,"Toronto, Ontario",NULL,8475690,R,0,0,2,NULL
8475683,NHL,TOR,G,Sergei,Bobrovsky,1988-09-20,"6' 2""",180,72,NULL,RUS,Novokuznetsk,NULL,8475683,L,0,0,0,0.91
8476932,NHL,TOR,G,Anthony,Stolarz,1994-01-20,"6' 6""",248,41,NULL,USA,"Edison, New Jersey",2012,8476932,L,0,0,0,0.91
8484388,NHL,UTA,L,Daniil,But,2005-02-15,"6' 5""",203,19,NULL,RUS,Yaroslavl,2023,8484388,R,3,8,7,NULL
8479619,NHL,UTA,L,Michael,Carcone,1996-05-19,"5' 9""",182,53,NULL,CAN,"Ajax, Ontario",NULL,8479619,L,16,22,31,NULL
8483431,NHL,UTA,C,Logan,Cooley,2004-05-04,"6' 0""",191,92,NULL,USA,"Pittsburgh, Pennsylvania",2022,8483431,L,24,28,43,NULL
8478474,NHL,UTA,L,Lawson,Crouse,1997-06-23,"6' 4""",214,67,NULL,CAN,"Mt. Brydges, Ontario",2015,8478474,L,24,46,44,NULL
8482699,NHL,UTA,R,Dylan,Guenther,2003-04-10,"6' 1""",191,11,NULL,CAN,"Edmonton, Alberta",2021,8482699,R,40,28,73,NULL
8480849,NHL,UTA,C,Barrett,Hayton,2000-06-09,"6' 1""",200,27,NULL,CAN,"Peterborough, Ontario",2018,8480849,L,10,54,25,NULL
8479656,NHL,UTA,C,Cam,Hebig,1997-01-21,"5' 10""",184,78,NULL,CAN,"Saskatoon, Saskatchewan",NULL,8479656,R,NULL,NULL,NULL,NULL
8479343,NHL,UTA,R,Clayton,Keller,1998-07-29,"5' 10""",175,9,NULL,USA,"Chesterfield, Missouri",2016,8479343,L,26,38,88,NULL
8475314,NHL,UTA,C,Anders,Lee,1990-07-03,"6' 3""",234,27,NULL,USA,"Edina, Minnesota",2009,8475314,L,19,44,42,NULL
8480855,NHL,UTA,C,Jack,McBain,2000-01-06,"6' 4""",219,22,NULL,CAN,"Toronto, Ontario",2018,8480855,L,9,84,25,NULL
8481827,NHL,UTA,L,Ben,McCartney,2001-07-13,"6' 0""",182,62,NULL,CAN,"Portage la Prairie, Manitoba",2020,8481827,L,0,4,0,NULL
8477070,NHL,UTA,C,Liam,O'Brien,1994-07-29,"6' 1""",215,38,NULL,CAN,"Halifax, Nova Scotia",NULL,8477070,L,3,43,4,NULL
8477951,NHL,UTA,C,Nick,Schmaltz,1996-02-23,"6' 0""",184,8,NULL,USA,"Madison, Wisconsin",2014,8477951,R,33,28,74,NULL
8478831,NHL,UTA,C,Kevin,Stenlund,1996-09-20,"6' 3""",213,82,NULL,SWE,Stockholm,2015,8478831,R,4,24,18,NULL
8479293,NHL,UTA,L,Brandon,Tanev,1991-12-31,"6' 0""",189,13,NULL,CAN,"Toronto, Ontario",NULL,8479293,L,0,50,3,NULL
8476389,NHL,UTA,C,Vincent,Trocheck,1993-07-11,"5' 11""",187,16,NULL,USA,"Pittsburgh, Pennsylvania",2011,8476389,R,16,64,53,NULL
8479977,NHL,UTA,R,Kailer,Yamamoto,1998-09-29,"5' 9""",178,56,NULL,USA,"Spokane, Washington",2017,8479977,R,13,14,23,NULL
8480084,NHL,UTA,D,Nick,DeSimone,1994-11-21,"6' 2""",194,57,NULL,USA,"East Amherst, New York",NULL,8480084,R,2,10,8,NULL
8483472,NHL,UTA,D,Maveric,Lamoureux,2004-01-13,"6' 6""",196,10,NULL,CAN,"Laval, Quebec",2022,8483472,R,0,2,1,NULL
8478507,NHL,UTA,D,John,Marino,1997-05-21,"6' 1""",200,6,NULL,USA,"North Easton, Massachusetts",2015,8478507,R,4,16,36,NULL
8479369,NHL,UTA,D,Andrew,Peeke,1998-03-17,"6' 3""",214,26,NULL,USA,"Parkland, Florida",2016,8479369,R,5,22,14,NULL
8477220,NHL,UTA,D,Nate,Schmidt,1991-07-16,"6' 0""",197,88,NULL,USA,"St. Cloud, Minnesota",NULL,8477220,L,5,22,22,NULL
8479410,NHL,UTA,D,Mikhail,Sergachev,1998-06-25,"6' 3""",212,98,NULL,RUS,Nizhnekamsk,2016,8479410,L,10,44,59,NULL
8484386,NHL,UTA,D,Dmitri,Simashev,2005-02-04,"6' 4""",198,26,NULL,RUS,Kostroma,2023,8484386,L,0,23,1,NULL
8477346,NHL,UTA,D,MacKenzie,Weegar,1994-01-07,"6' 0""",206,52,NULL,CAN,"Ottawa, Ontario",2013,8477346,R,4,88,28,NULL
8483530,NHL,UTA,G,Jaxson,Stauber,1999-04-27,"6' 3""",174,33,NULL,USA,"Wayzata, Minnesota",NULL,8483530,L,0,0,0,0.90
8478872,NHL,UTA,G,Karel,Vejmelka,1996-05-25,"6' 4""",221,70,NULL,CZE,Trebic,2015,8478872,R,0,0,0,0.90
8478444,NHL,VAN,R,Brock,Boeser,1997-02-25,"6' 1""",208,6,NULL,USA,"Burnsville, Minnesota",2015,8478444,R,22,8,48,NULL
8480078,NHL,VAN,C,Filip,Chytil,1999-09-05,"6' 2""",210,72,NULL,CZE,Kromeriz,2017,8480078,L,3,6,3,NULL
8481032,NHL,VAN,C,Paul,Cotter,1999-11-16,"6' 2""",213,47,NULL,USA,"Canton, Michigan",2018,8481032,L,9,19,15,NULL
8478498,NHL,VAN,L,Jake,DeBrusk,1996-10-17,"6' 1""",198,74,NULL,CAN,"Edmonton, Alberta",2015,8478498,L,23,12,42,NULL
8475848,NHL,VAN,R,Brendan,Gallagher,1992-05-06,"5' 9""",185,11,NULL,CAN,"Edmonton, Alberta",2010,8475848,R,7,39,23,NULL
8481024,NHL,VAN,C,Linus,Karlsson,1999-11-16,"6' 1""",178,94,NULL,SWE,Landsbro,2018,8481024,R,15,42,35,NULL
8482055,NHL,VAN,L,Drew,O'Connor,1998-06-09,"6' 4""",209,18,NULL,USA,"Chatham, New Jersey",NULL,8482055,L,17,47,29,NULL
8483499,NHL,VAN,L,Liam,Ohgren,2004-01-28,"6' 0""",187,92,NULL,SWE,Stockholm,2022,8483499,L,8,2,18,NULL
8480012,NHL,VAN,C,Elias,Pettersson,1998-11-12,"6' 2""",176,40,NULL,SWE,Sundsvall,2017,8480012,L,15,20,51,NULL
8482691,NHL,VAN,C,Aatu,Räty,2002-11-14,"6' 2""",204,54,NULL,FIN,Oulu,2021,8482691,L,4,22,14,NULL
8482079,NHL,VAN,C,Marco,Rossi,2001-09-23,"5' 9""",182,93,NULL,AUT,Feldkirch,2020,8482079,L,12,10,35,NULL
8484136,NHL,VAN,C,Max,Sasson,2000-09-05,"6' 1""",181,63,NULL,USA,"Birmingham, Michigan",NULL,8484136,L,13,26,19,NULL
8484798,NHL,VAN,D,Zeev,Buium,2005-12-07,"6' 0""",183,24,NULL,USA,"San Diego, California",2024,8484798,L,6,41,26,NULL
8479425,NHL,VAN,D,Filip,Hronek,1997-11-02,"6' 0""",190,17,NULL,CZE,Hradec Kralove,2016,8479425,R,8,33,49,NULL
8483768,NHL,VAN,D,Victor,Mancini,2002-05-26,"6' 3""",229,90,NULL,USA,"Hancock, Michigan",2022,8483768,R,0,7,3,NULL
8476467,NHL,VAN,D,Jamie,Oleksiak,1992-12-21,"6' 7""",252,24,NULL,CAN,"Toronto, Ontario",2011,8476467,L,5,36,15,NULL
8483678,NHL,VAN,D,Elias,Pettersson,2004-02-16,"6' 2""",185,25,NULL,SWE,Vasteras,2022,8483678,L,3,39,10,NULL
8474568,NHL,VAN,D,Luke,Schenn,1989-11-02,"6' 2""",225,2,NULL,CAN,"Saskatoon, Saskatchewan",2008,8474568,R,1,43,7,NULL
8484240,NHL,VAN,D,Tom,Willander,2005-02-09,"6' 1""",180,5,NULL,SWE,Stockholm,2023,8484240,R,5,28,21,NULL
8477967,NHL,VAN,G,Thatcher,Demko,1995-12-08,"6' 4""",192,35,NULL,USA,"San Diego, California",2014,8477967,L,0,0,0,0.91
8480947,NHL,VAN,G,Kevin,Lankinen,1995-04-28,"6' 2""",190,32,NULL,FIN,Helsinki,NULL,8480947,L,0,0,0,0.90
8484268,NHL,VAN,G,Nikita,Tolopilo,2000-04-06,"6' 6""",229,60,NULL,BLR,Minsk,NULL,8484268,L,0,0,0,0.88
8477964,NHL,VGK,L,Ivan,Barbashev,1995-12-14,"6' 0""",203,49,NULL,RUS,Moscow,2014,8477964,L,23,14,61,NULL
8483890,NHL,VGK,R,Braeden,Bowman,2003-06-26,"6' 1""",205,42,NULL,CAN,"Kitchener, Ontario",NULL,8483890,R,8,12,26,NULL
8484803,NHL,VGK,L,Trevor,Connelly,2006-02-28,"6' 1""",175,24,NULL,USA,"Tustin, California",2024,8484803,L,NULL,NULL,NULL,NULL
8475343,NHL,VGK,C,Nic,Dowd,1990-05-27,"6' 2""",195,26,NULL,USA,"Huntsville, Alabama",2009,8475343,R,5,73,21,NULL
8478403,NHL,VGK,C,Jack,Eichel,1996-10-28,"6' 2""",208,9,NULL,USA,"North Chelmsford, Massachusetts",2015,8478403,R,27,18,90,NULL
8483553,NHL,VGK,C,Marc,Gatcomb,1999-07-22,"6' 2""",200,16,NULL,USA,"Woburn, Massachusetts",NULL,8483553,R,3,10,7,NULL
8476881,NHL,VGK,C,Tomas,Hertl,1993-11-12,"6' 3""",220,48,NULL,CZE,Praha,2012,8476881,L,24,39,58,NULL
8482125,NHL,VGK,R,Alexander,Holtz,2002-01-23,"6' 0""",198,11,NULL,SWE,Stockholm,2020,8482125,R,3,10,9,NULL
8479353,NHL,VGK,C,Brett,Howden,1998-03-29,"6' 2""",201,21,NULL,CAN,"Oakbank, Manitoba",2016,8479353,L,12,41,22,NULL
8476448,NHL,VGK,C,William,Karlsson,1993-01-08,"6' 0""",190,71,NULL,SWE,Marsta,2011,8476448,L,4,4,7,NULL
8479550,NHL,VGK,C,Tanner,Laczynski,1997-06-01,"6' 1""",211,28,NULL,USA,"Minooka, Illinois",2016,8479550,R,0,4,5,NULL
8481534,NHL,VGK,C,Raphael,Lavoie,2000-09-25,"6' 4""",217,36,NULL,CAN,"Chambly, Quebec",2019,8481534,R,0,0,0,NULL
8478483,NHL,VGK,R,Mitch,Marner,1997-05-05,"6' 0""",180,93,NULL,CAN,"Markham, Ontario",2015,8478483,R,24,24,80,NULL
8478109,NHL,VGK,R,Victor,Olofsson,1995-07-18,"5' 11""",180,95,NULL,SWE,Ornskoldsvik,2014,8478109,L,13,6,31,NULL
8480007,NHL,VGK,R,Jonas,Rondbjerg,1999-03-31,"6' 2""",206,46,NULL,DNK,Horsholm,2017,8480007,L,0,0,1,NULL
8475913,NHL,VGK,R,Mark,Stone,1992-05-13,"6' 3""",210,61,NULL,CAN,"Winnipeg, Manitoba",2010,8475913,R,28,9,73,NULL
8485251,NHL,VGK,C,Kai,Uchacz,2003-06-24,"6' 2""",206,77,NULL,CAN,"Calgary, Alberta",NULL,8485251,R,0,5,0,NULL
8478397,NHL,VGK,D,Rasmus,Andersson,1996-10-27,"6' 1""",202,4,NULL,SWE,Malmo,2015,8478397,R,17,71,47,NULL
8479639,NHL,VGK,D,Dylan,Coghlan,1998-02-19,"6' 2""",205,52,NULL,CAN,"Duncan, British Columbia",NULL,8479639,R,0,2,0,NULL
8479602,NHL,VGK,D,Jeremy,Davies,1996-12-04,"5' 11""",190,84,NULL,CAN,"Sainte-Anne-de-Bellevue, Quebec",2016,8479602,L,0,2,0,NULL
8478396,NHL,VGK,D,Noah,Hanifin,1997-01-25,"6' 3""",206,15,NULL,USA,"Boston, Massachusetts",2015,8478396,L,3,14,28,NULL
8481572,NHL,VGK,D,Ville,Heinola,2001-03-02,"6' 0""",181,34,NULL,FIN,Honkajoki,2019,8481572,L,0,4,0,NULL
8478468,NHL,VGK,D,Jeremy,Lauzon,1997-04-28,"6' 3""",225,5,NULL,CAN,"Val-d'Or, Quebec",2015,8478468,L,1,89,13,NULL
8475188,NHL,VGK,D,Brayden,McNabb,1991-01-21,"6' 4""",215,3,NULL,CAN,"Davidson, Saskatchewan",2009,8475188,L,5,26,12,NULL
8477034,NHL,VGK,D,Jaycob,Megna,1992-12-10,"6' 6""",214,88,NULL,USA,"Plantation, Florida",2012,8477034,L,0,2,0,NULL
8477447,NHL,VGK,D,Shea,Theodore,1995-08-03,"6' 2""",197,27,NULL,CAN,"Aldergrove, British Columbia",2013,8477447,L,10,24,39,NULL
8478450,NHL,VGK,D,Parker,Wotherspoon,1997-08-24,"6' 1""",190,28,NULL,CAN,"Surrey, British Columbia",2015,8478450,L,3,55,30,NULL
8479394,NHL,VGK,G,Carter,Hart,1998-08-13,"6' 2""",196,79,NULL,CAN,"Sherwood Park, Alberta",2016,8479394,L,0,0,0,0.90
8478499,NHL,VGK,G,Adin,Hill,1996-05-11,"6' 4""",222,33,NULL,CAN,"Comox, British Columbia",2015,8478499,L,0,0,0,0.90
8482761,NHL,VGK,G,Carl,Lindbom,2003-05-20,"6' 1""",186,30,NULL,SWE,Stockholm,2021,8482761,L,0,0,0,0.87
8478463,NHL,WSH,R,Anthony,Beauvillier,1997-06-08,"5' 11""",181,72,NULL,CAN,"Sorel-Tracy, Quebec",2015,8478463,L,15,30,28,NULL
8479400,NHL,WSH,C,Pierre-Luc,Dubois,1998-06-24,"6' 4""",220,80,NULL,CAN,"Ste-Agathe-des-Monts, Quebec",2016,8479400,L,5,19,19,NULL
8483573,NHL,WSH,R,Ethen,Frank,1998-02-05,"5' 11""",188,53,NULL,USA,"Aurora, Colorado",NULL,8483573,R,12,18,24,NULL
8476432,NHL,WSH,C,Boone,Jenner,1993-06-15,"6' 2""",204,22,NULL,CAN,"Dorchester, Ontario",2011,8476432,L,13,44,38,NULL
8479385,NHL,WSH,R,Jordan,Kyrou,1998-05-05,"6' 1""",189,25,NULL,CAN,"Toronto, Ontario",2016,8479385,R,18,8,46,NULL
8484186,NHL,WSH,R,Ryan,Leonard,2005-01-21,"6' 1""",205,9,NULL,USA,"Northampton, Massachusetts",2023,8484186,R,20,47,45,NULL
8483491,NHL,WSH,L,Ivan,Miroshnichenko,2004-02-04,"6' 1""",185,63,NULL,RUS,Ussuriysk,2022,8483491,R,2,2,3,NULL
8471214,NHL,WSH,L,Alex,Ovechkin,1985-09-17,"6' 3""",238,8,NULL,RUS,Moscow,2004,8471214,R,32,26,64,NULL
8481656,NHL,WSH,L,Aliaksei,Protas,2001-01-06,"6' 6""",250,21,NULL,BLR,Vitebsk,2019,8481656,L,25,20,52,NULL
8484999,NHL,WSH,L,Ilya,Protas,2006-07-18,"6' 6""",225,62,NULL,BLR,Vitebsk,2024,8484999,L,1,2,4,NULL
8482088,NHL,WSH,C,Justin,Sourdif,2002-03-24,"6' 0""",195,34,NULL,CAN,"Richmond, British Columbia",2020,8482088,R,15,35,35,NULL
8478440,NHL,WSH,C,Dylan,Strome,1997-03-07,"6' 4""",200,17,NULL,CAN,"Mississauga, Ontario",2015,8478440,L,19,46,58,NULL
8477949,NHL,WSH,R,Alex,Tuch,1996-05-10,"6' 4""",219,89,NULL,USA,"Syracuse, New York",2014,8477949,R,33,57,66,NULL
8476880,NHL,WSH,R,Tom,Wilson,1994-03-29,"6' 4""",225,43,NULL,CAN,"Toronto, Ontario",2012,8476880,R,30,117,62,NULL
8479345,NHL,WSH,D,Jakob,Chychrun,1998-03-31,"6' 2""",215,6,NULL,USA,"Boca Raton, Florida",2016,8479345,L,26,62,60,NULL
8479576,NHL,WSH,D,Vincent,Desharnais,1996-05-29,"6' 7""",225,73,NULL,CAN,"Laval, Quebec",2016,8479576,R,1,68,7,NULL
8480796,NHL,WSH,D,Martin,Fehérváry,1999-10-06,"6' 2""",215,42,NULL,SVK,Bratislava,2018,8480796,L,5,39,27,NULL
8484873,NHL,WSH,D,Cole,Hutson,2006-06-28,"5' 11""",175,44,NULL,USA,"St. Louis, Missouri",2024,8484873,L,3,8,10,NULL
8480043,NHL,WSH,D,Timothy,Liljegren,1999-04-30,"6' 1""",200,27,NULL,SWE,Kristianstad,2017,8480043,R,1,29,11,NULL
8475795,NHL,WSH,D,Dylan,McIlrath,1992-04-20,"6' 5""",240,52,NULL,CAN,"Winnipeg, Manitoba",2010,8475795,R,0,10,0,NULL
8478911,NHL,WSH,D,Matt,Roy,1995-03-01,"6' 2""",220,3,NULL,USA,"Detroit, Michigan",2015,8478911,R,2,12,19,NULL
8480873,NHL,WSH,D,Rasmus,Sandin,2000-03-07,"5' 11""",189,38,NULL,SWE,Uppsala,2018,8480873,L,5,12,29,NULL
8479292,NHL,WSH,G,Charlie,Lindgren,1993-12-18,"6' 2""",190,79,NULL,USA,"Lakeville, Minnesota",NULL,8479292,R,0,0,0,0.90
8483532,NHL,WSH,G,Clay,Stevenson,1999-03-03,"6' 4""",195,33,NULL,CAN,"Drayton Valley, Alberta",NULL,8483532,L,0,0,0,0.91
8480313,NHL,WSH,G,Logan,Thompson,1997-02-25,"6' 4""",207,48,NULL,CAN,"Calgary, Alberta",NULL,8480313,R,0,0,0,0.91
8480289,NHL,WPG,C,Morgan,Barron,1998-12-02,"6' 4""",220,36,NULL,CAN,"Halifax, Nova Scotia",2017,8480289,L,11,31,23,NULL
8482787,NHL,WPG,R,Nikita,Chibrikov,2003-02-16,"5' 10""",170,90,NULL,RUS,Moscow,2021,8482787,L,0,14,0,NULL
8478398,NHL,WPG,L,Kyle,Connor,1996-12-09,"6' 1""",183,81,NULL,USA,"Shelby Township, Michigan",2015,8478398,L,39,16,92,NULL
8480113,NHL,WPG,L,Alex,Iafallo,1993-12-21,"6' 0""",201,9,NULL,USA,"Eden, New York",NULL,8480113,L,13,14,29,NULL
8481043,NHL,WPG,L,Cole,Koepke,1998-05-17,"6' 1""",207,45,NULL,USA,"Two Harbors, Minnesota",2018,8481043,L,8,16,17,NULL
8476392,NHL,WPG,C,Adam,Lowry,1993-03-29,"6' 5""",210,17,NULL,USA,"St. Louis, Missouri",2011,8476392,L,5,32,21,NULL
8476480,NHL,WPG,C,Vladislav,Namestnikov,1992-11-22,"6' 0""",181,7,NULL,RUS,Zhukovskiy,2011,8476480,L,8,28,14,NULL
8475799,NHL,WPG,R,Nino,Niederreiter,1992-09-08,"6' 2""",218,62,NULL,CHE,Chur,2010,8475799,L,8,18,19,NULL
8482149,NHL,WPG,C,Cole,Perfetti,2002-01-01,"5' 11""",185,91,NULL,CAN,"Whitby, Ontario",2020,8482149,L,12,20,32,NULL
8482765,NHL,WPG,R,Isak,Rosen,2003-03-15,"6' 0""",185,27,NULL,SWE,Solna,2021,8482765,L,6,0,10,NULL
8476460,NHL,WPG,C,Mark,Scheifele,1993-03-15,"6' 3""",207,55,NULL,CAN,"Kitchener, Ontario",2011,8476460,R,36,43,103,NULL
8480014,NHL,WPG,C,Gabriel,Vilardi,1999-08-16,"6' 3""",216,13,NULL,CAN,"Kingston, Ontario",2017,8480014,R,30,24,69,NULL
8476331,NHL,WPG,D,Dylan,DeMelo,1993-05-01,"6' 1""",194,2,NULL,CAN,"London, Ontario",2011,8476331,R,3,40,19,NULL
8479983,NHL,WPG,D,Mario,Ferraro,1998-09-17,"5' 11""",200,38,NULL,CAN,"Toronto, Ontario",2017,8479983,L,7,35,23,NULL
8477938,NHL,WPG,D,Haydn,Fleury,1996-07-08,"6' 4""",207,24,NULL,CAN,"Carlyle, Saskatchewan",2014,8477938,L,2,12,4,NULL
8477504,NHL,WPG,D,Josh,Morrissey,1995-03-28,"6' 0""",195,44,NULL,CAN,"Calgary, Alberta",2013,8477504,L,14,30,55,NULL
8480145,NHL,WPG,D,Neal,Pionk,1995-07-29,"6' 0""",190,4,NULL,USA,"Omaha, Nebraska",NULL,8480145,R,3,37,12,NULL
8480049,NHL,WPG,D,Dylan,Samberg,1999-01-24,"6' 4""",216,54,NULL,USA,"Saginaw, Minnesota",2017,8480049,L,1,14,14,NULL
8481030,NHL,WPG,D,John,St. Ivany,1999-07-22,"6' 4""",197,6,NULL,USA,"Manhattan Beach, California",2018,8481030,R,0,6,7,NULL
8476945,NHL,WPG,G,Connor,Hellebuyck,1993-05-19,"6' 4""",207,37,NULL,USA,"Commerce, Michigan",2012,8476945,L,0,0,0,0.92
8479973,NHL,WPG,G,Stuart,Skinner,1998-11-01,"6' 4""",215,74,NULL,CAN,"Edmonton, Alberta",2017,8479973,L,0,0,0,0.90
